Order_Item_ID,Order_ID,Product_ID,Quantity,Unit_Price,Discount_Amount,GST_Amount,Line_Total
ITEM00001,ORD00001,PROD0069,1,3636,0,654.48,4290.48
ITEM00002,ORD00002,PROD0010,4,75281,100,54184.32,355208.32
ITEM00003,ORD00003,PROD0088,1,1607,0,289.26,1896.26
ITEM00004,ORD00003,PROD0087,5,3034,200,2694.60,17664.60
ITEM00005,ORD00003,PROD0063,2,313,50,103.68,679.68
ITEM00006,ORD00004,PROD0153,4,1444,0,1039.68,6815.68
ITEM00007,ORD00005,PROD0115,1,3676,0,661.68,4337.68
ITEM00008,ORD00005,PROD0171,2,2088,500,661.68,4337.68
ITEM00009,ORD00005,PROD0006,3,61444,100,33161.76,217393.76
ITEM00010,ORD00006,PROD0068,4,601,500,342.72,2246.72
ITEM00011,ORD00006,PROD0079,3,4573,500,2379.42,15598.42
ITEM00012,ORD00006,PROD0124,2,55322,100,19897.92,130441.92
ITEM00013,ORD00006,PROD0164,5,695,0,625.50,4100.50
ITEM00014,ORD00007,PROD0166,5,939,200,809.10,5304.10
ITEM00015,ORD00007,PROD0138,5,59833,500,53759.70,352424.70
ITEM00016,ORD00007,PROD0125,5,45308,50,40768.20,267258.20
ITEM00017,ORD00007,PROD0096,5,2886,500,2507.40,16437.40
ITEM00018,ORD00008,PROD0022,4,91255,0,65703.60,430723.60
ITEM00019,ORD00008,PROD0044,3,740,100,381.60,2501.60
ITEM00020,ORD00009,PROD0019,4,55810,100,40165.20,263305.20
ITEM00021,ORD00009,PROD0087,1,1848,100,314.64,2062.64
ITEM00022,ORD00009,PROD0023,3,6681,0,3607.74,23650.74
ITEM00023,ORD00009,PROD0059,4,1139,100,802.08,5258.08
ITEM00024,ORD00010,PROD0164,3,1063,500,484.02,3173.02
ITEM00025,ORD00011,PROD0140,4,13138,0,9459.36,62011.36
ITEM00026,ORD00011,PROD0138,4,26311,500,18853.92,123597.92
ITEM00027,ORD00012,PROD0012,1,22659,50,4069.62,26678.62
ITEM00028,ORD00012,PROD0050,1,575,500,13.50,88.50
ITEM00029,ORD00012,PROD0091,3,29260,200,15764.40,103344.40
ITEM00030,ORD00012,PROD0108,1,7918,100,1407.24,9225.24
ITEM00031,ORD00013,PROD0131,3,47837,0,25831.98,169342.98
ITEM00032,ORD00014,PROD0111,1,35914,50,6455.52,42319.52
ITEM00033,ORD00015,PROD0140,4,3409,0,2454.48,16090.48
ITEM00034,ORD00016,PROD0121,1,50705,100,9108.90,59713.90
ITEM00035,ORD00016,PROD0086,4,3153,0,2270.16,14882.16
ITEM00036,ORD00016,PROD0164,2,908,0,326.88,2142.88
ITEM00037,ORD00017,PROD0096,2,5936,500,2046.96,13418.96
ITEM00038,ORD00017,PROD0161,1,1112,50,191.16,1253.16
ITEM00039,ORD00018,PROD0079,2,2685,500,876.60,5746.60
ITEM00040,ORD00018,PROD0100,3,9088,100,4889.52,32053.52
ITEM00041,ORD00018,PROD0087,5,1279,200,1115.10,7310.10
ITEM00042,ORD00018,PROD0043,5,841,50,747.90,4902.90
ITEM00043,ORD00018,PROD0016,2,64603,200,23221.08,152227.08
ITEM00044,ORD00019,PROD0090,4,3995,0,2876.40,18856.40
ITEM00045,ORD00020,PROD0008,2,73365,0,26411.40,173141.40
ITEM00046,ORD00020,PROD0133,5,37975,0,34177.50,224052.50
ITEM00047,ORD00020,PROD0088,5,1158,100,1024.20,6714.20
ITEM00048,ORD00020,PROD0095,2,38167,0,13740.12,90074.12
ITEM00049,ORD00021,PROD0070,5,2292,0,2062.80,13522.80
ITEM00050,ORD00022,PROD0068,4,652,100,451.44,2959.44
ITEM00051,ORD00022,PROD0021,2,71208,0,25634.88,168050.88
ITEM00052,ORD00022,PROD0005,2,40160,100,14439.60,94659.60
ITEM00053,ORD00023,PROD0022,5,46553,0,41897.70,274662.70
ITEM00054,ORD00023,PROD0088,5,4704,0,4233.60,27753.60
ITEM00055,ORD00024,PROD0035,4,1058,200,725.76,4757.76
ITEM00056,ORD00024,PROD0102,1,17633,200,3137.94,20570.94
ITEM00057,ORD00024,PROD0148,4,897,50,636.84,4174.84
ITEM00058,ORD00024,PROD0058,5,308,100,259.20,1699.20
ITEM00059,ORD00024,PROD0163,1,1062,0,191.16,1253.16
ITEM00060,ORD00025,PROD0032,1,788,500,51.84,339.84
ITEM00061,ORD00025,PROD0118,3,44640,500,24015.60,157435.60
ITEM00062,ORD00025,PROD0108,3,24305,0,13124.70,86039.70
ITEM00063,ORD00025,PROD0115,3,13413,500,7153.02,46892.02
ITEM00064,ORD00025,PROD0047,4,177,500,37.44,245.44
ITEM00065,ORD00026,PROD0097,5,18198,500,16288.20,106778.20
ITEM00066,ORD00026,PROD0045,5,820,0,738.00,4838.00
ITEM00067,ORD00026,PROD0018,3,21033,0,11357.82,74456.82
ITEM00068,ORD00026,PROD0129,5,22617,0,20355.30,133440.30
ITEM00069,ORD00027,PROD0014,5,55910,0,50319.00,329869.00
ITEM00070,ORD00027,PROD0028,4,80173,500,57634.56,377826.56
ITEM00071,ORD00027,PROD0084,2,3948,0,1421.28,9317.28
ITEM00072,ORD00027,PROD0113,5,38255,0,34429.50,225704.50
ITEM00073,ORD00028,PROD0177,4,8228,100,5906.16,38718.16
ITEM00074,ORD00028,PROD0071,3,699,0,377.46,2474.46
ITEM00075,ORD00029,PROD0006,4,91534,50,65895.48,431981.48
ITEM00076,ORD00030,PROD0123,5,4302,50,3862.80,25322.80
ITEM00077,ORD00030,PROD0139,2,22854,500,8137.44,53345.44
ITEM00078,ORD00031,PROD0057,5,115,50,94.50,619.50
ITEM00079,ORD00031,PROD0130,5,52244,0,47019.60,308239.60
ITEM00080,ORD00031,PROD0149,1,856,200,118.08,774.08
ITEM00081,ORD00032,PROD0059,1,568,0,102.24,670.24
ITEM00082,ORD00032,PROD0044,4,782,50,554.04,3632.04
ITEM00083,ORD00032,PROD0012,5,6700,50,6021.00,39471.00
ITEM00084,ORD00032,PROD0173,2,3267,0,1176.12,7710.12
ITEM00085,ORD00033,PROD0135,2,51560,200,18525.60,121445.60
ITEM00086,ORD00033,PROD0136,2,21341,50,7673.76,50305.76
ITEM00087,ORD00033,PROD0120,2,19310,100,6933.60,45453.60
ITEM00088,ORD00034,PROD0027,4,85328,100,61418.16,402630.16
ITEM00089,ORD00035,PROD0072,2,4565,0,1643.40,10773.40
ITEM00090,ORD00035,PROD0163,4,882,500,545.04,3573.04
ITEM00091,ORD00035,PROD0115,1,4742,100,835.56,5477.56
ITEM00092,ORD00035,PROD0111,4,34701,0,24984.72,163788.72
ITEM00093,ORD00035,PROD0040,4,325,0,234.00,1534.00
ITEM00094,ORD00036,PROD0062,1,2302,0,414.36,2716.36
ITEM00095,ORD00036,PROD0019,4,8389,0,6040.08,39596.08
ITEM00096,ORD00037,PROD0168,3,1170,0,631.80,4141.80
ITEM00097,ORD00037,PROD0011,2,100783,500,36191.88,237257.88
ITEM00098,ORD00037,PROD0112,3,12984,0,7011.36,45963.36
ITEM00099,ORD00037,PROD0029,3,92942,200,50152.68,328778.68
ITEM00100,ORD00038,PROD0055,5,103,200,56.70,371.70
ITEM00101,ORD00038,PROD0093,2,31332,0,11279.52,73943.52
ITEM00102,ORD00038,PROD0107,2,34259,200,12297.24,80615.24
ITEM00103,ORD00039,PROD0101,5,13183,50,11855.70,77720.70
ITEM00104,ORD00039,PROD0020,4,118828,0,85556.16,560868.16
ITEM00105,ORD00039,PROD0074,2,4196,200,1474.56,9666.56
ITEM00106,ORD00039,PROD0028,2,20991,50,7547.76,49479.76
ITEM00107,ORD00040,PROD0142,5,235,50,202.50,1327.50
ITEM00108,ORD00040,PROD0134,3,20423,0,11028.42,72297.42
ITEM00109,ORD00040,PROD0055,4,146,0,105.12,689.12
ITEM00110,ORD00041,PROD0025,5,92088,0,82879.20,543319.20
ITEM00111,ORD00041,PROD0022,2,55368,0,19932.48,130668.48
ITEM00112,ORD00041,PROD0108,2,31940,0,11498.40,75378.40
ITEM00113,ORD00041,PROD0002,2,108394,500,38931.84,255219.84
ITEM00114,ORD00041,PROD0023,3,9232,0,4985.28,32681.28
ITEM00115,ORD00042,PROD0057,4,931,0,670.32,4394.32
ITEM00116,ORD00042,PROD0170,4,172,0,123.84,811.84
ITEM00117,ORD00043,PROD0030,4,96186,0,69253.92,453997.92
ITEM00118,ORD00043,PROD0035,1,785,50,132.30,867.30
ITEM00119,ORD00044,PROD0062,2,3833,0,1379.88,9045.88
ITEM00120,ORD00044,PROD0172,2,1484,200,498.24,3266.24
ITEM00121,ORD00045,PROD0075,3,3582,0,1934.28,12680.28
ITEM00122,ORD00046,PROD0016,1,77111,0,13879.98,90990.98
ITEM00123,ORD00046,PROD0029,2,42757,0,15392.52,100906.52
ITEM00124,ORD00047,PROD0143,1,1438,500,168.84,1106.84
ITEM00125,ORD00047,PROD0165,5,589,50,521.10,3416.10
ITEM00126,ORD00048,PROD0095,3,41831,0,22588.74,148081.74
ITEM00127,ORD00048,PROD0107,1,40295,0,7253.10,47548.10
ITEM00128,ORD00048,PROD0090,3,326,500,86.04,564.04
ITEM00129,ORD00048,PROD0130,1,43875,0,7897.50,51772.50
ITEM00130,ORD00048,PROD0021,4,99321,0,71511.12,468795.12
ITEM00131,ORD00049,PROD0084,4,1157,200,797.04,5225.04
ITEM00132,ORD00049,PROD0153,5,3555,50,3190.50,20915.50
ITEM00133,ORD00049,PROD0163,1,442,0,79.56,521.56
ITEM00134,ORD00049,PROD0092,4,32314,0,23266.08,152522.08
ITEM00135,ORD00049,PROD0168,5,1165,0,1048.50,6873.50
ITEM00136,ORD00050,PROD0007,3,100514,0,54277.56,355819.56
ITEM00137,ORD00050,PROD0161,2,444,0,159.84,1047.84
ITEM00138,ORD00050,PROD0048,1,329,200,23.22,152.22
ITEM00139,ORD00050,PROD0155,1,4731,0,851.58,5582.58
ITEM00140,ORD00051,PROD0093,1,17501,0,3150.18,20651.18
ITEM00141,ORD00052,PROD0065,4,1059,100,744.48,4880.48
ITEM00142,ORD00052,PROD0067,5,4836,500,4262.40,27942.40
ITEM00143,ORD00053,PROD0171,5,2001,0,1800.90,11805.90
ITEM00144,ORD00054,PROD0164,3,950,0,513.00,3363.00
ITEM00145,ORD00054,PROD0002,1,114944,0,20689.92,135633.92
ITEM00146,ORD00054,PROD0159,1,12872,50,2307.96,15129.96
ITEM00147,ORD00055,PROD0092,2,9470,50,3400.20,22290.20
ITEM00148,ORD00055,PROD0001,4,32480,0,23385.60,153305.60
ITEM00149,ORD00055,PROD0002,4,21992,500,15744.24,103212.24
ITEM00150,ORD00055,PROD0022,2,75271,0,27097.56,177639.56
ITEM00151,ORD00056,PROD0044,4,675,0,486.00,3186.00
ITEM00152,ORD00056,PROD0007,1,108708,100,19549.44,128157.44
ITEM00153,ORD00056,PROD0101,3,38052,0,20548.08,134704.08
ITEM00154,ORD00056,PROD0164,5,435,0,391.50,2566.50
ITEM00155,ORD00057,PROD0153,5,13149,200,11798.10,77343.10
ITEM00156,ORD00057,PROD0087,1,1490,0,268.20,1758.20
ITEM00157,ORD00057,PROD0073,2,3797,0,1366.92,8960.92
ITEM00158,ORD00058,PROD0012,4,13606,500,9706.32,63630.32
ITEM00159,ORD00058,PROD0040,2,1414,0,509.04,3337.04
ITEM00160,ORD00058,PROD0141,2,328,50,109.08,715.08
ITEM00161,ORD00058,PROD0149,2,1020,100,349.20,2289.20
ITEM00162,ORD00059,PROD0137,3,6389,500,3360.06,22027.06
ITEM00163,ORD00059,PROD0056,1,949,0,170.82,1119.82
ITEM00164,ORD00059,PROD0080,1,2005,200,324.90,2129.90
ITEM00165,ORD00059,PROD0010,2,117107,200,42122.52,276136.52
ITEM00166,ORD00060,PROD0026,1,114766,50,20648.88,135364.88
ITEM00167,ORD00060,PROD0121,5,26687,0,24018.30,157453.30
ITEM00168,ORD00060,PROD0170,2,878,50,307.08,2013.08
ITEM00169,ORD00060,PROD0169,1,228,0,41.04,269.04
ITEM00170,ORD00060,PROD0056,2,1394,500,411.84,2699.84
ITEM00171,ORD00061,PROD0170,5,668,0,601.20,3941.20
ITEM00172,ORD00061,PROD0131,4,47754,0,34382.88,225398.88
ITEM00173,ORD00062,PROD0106,2,35764,100,12857.04,84285.04
ITEM00174,ORD00062,PROD0170,5,237,500,123.30,808.30
ITEM00175,ORD00062,PROD0001,5,84155,200,75703.50,496278.50
ITEM00176,ORD00063,PROD0134,5,45006,100,40487.40,265417.40
ITEM00177,ORD00063,PROD0026,4,90884,0,65436.48,428972.48
ITEM00178,ORD00064,PROD0123,1,25857,0,4654.26,30511.26
ITEM00179,ORD00064,PROD0120,3,43260,200,23324.40,152904.40
ITEM00180,ORD00064,PROD0073,5,4909,100,4400.10,28845.10
ITEM00181,ORD00064,PROD0167,3,456,0,246.24,1614.24
ITEM00182,ORD00064,PROD0011,3,11866,100,6389.64,41887.64
ITEM00183,ORD00065,PROD0126,3,50937,50,27496.98,180257.98
ITEM00184,ORD00066,PROD0027,5,14546,0,13091.40,85821.40
ITEM00185,ORD00066,PROD0147,4,478,100,326.16,2138.16
ITEM00186,ORD00067,PROD0125,5,51042,0,45937.80,301147.80
ITEM00187,ORD00068,PROD0128,3,22163,100,11950.02,78339.02
ITEM00188,ORD00068,PROD0162,4,597,0,429.84,2817.84
ITEM00189,ORD00068,PROD0174,4,2911,0,2095.92,13739.92
ITEM00190,ORD00068,PROD0027,1,95551,100,17181.18,112632.18
ITEM00191,ORD00068,PROD0037,3,132,0,71.28,467.28
ITEM00192,ORD00069,PROD0167,2,867,200,276.12,1810.12
ITEM00193,ORD00069,PROD0046,5,560,100,486.00,3186.00
ITEM00194,ORD00070,PROD0125,5,45317,0,40785.30,267370.30
ITEM00195,ORD00070,PROD0121,2,19633,0,7067.88,46333.88
ITEM00196,ORD00071,PROD0164,4,510,0,367.20,2407.20
ITEM00197,ORD00071,PROD0110,4,26772,0,19275.84,126363.84
ITEM00198,ORD00071,PROD0013,4,118349,50,85202.28,558548.28
ITEM00199,ORD00071,PROD0179,1,5382,50,959.76,6291.76
ITEM00200,ORD00071,PROD0119,1,8117,0,1461.06,9578.06
ITEM00201,ORD00072,PROD0094,3,16418,200,8829.72,57883.72
ITEM00202,ORD00072,PROD0141,5,1175,200,1021.50,6696.50
ITEM00203,ORD00072,PROD0151,3,11204,0,6050.16,39662.16
ITEM00204,ORD00073,PROD0048,2,1388,50,490.68,3216.68
ITEM00205,ORD00074,PROD0174,4,7041,200,5033.52,32997.52
ITEM00206,ORD00074,PROD0004,3,90069,0,48637.26,318844.26
ITEM00207,ORD00075,PROD0092,5,21165,200,19012.50,124637.50
ITEM00208,ORD00075,PROD0019,3,31978,500,17178.12,112612.12
ITEM00209,ORD00075,PROD0013,1,78191,0,14074.38,92265.38
ITEM00210,ORD00076,PROD0003,5,68709,100,61820.10,405265.10
ITEM00211,ORD00076,PROD0108,4,33538,0,24147.36,158299.36
ITEM00212,ORD00076,PROD0049,2,764,0,275.04,1803.04
ITEM00213,ORD00076,PROD0085,4,4300,0,3096.00,20296.00
ITEM00214,ORD00076,PROD0102,1,24332,100,4361.76,28593.76
ITEM00215,ORD00077,PROD0027,2,38706,0,13934.16,91346.16
ITEM00216,ORD00077,PROD0178,1,6052,0,1089.36,7141.36
ITEM00217,ORD00077,PROD0049,1,183,50,23.94,156.94
ITEM00218,ORD00077,PROD0166,4,944,50,670.68,4396.68
ITEM00219,ORD00078,PROD0107,1,6955,0,1251.90,8206.90
ITEM00220,ORD00079,PROD0101,4,22579,0,16256.88,106572.88
ITEM00221,ORD00079,PROD0090,1,3028,100,527.04,3455.04
ITEM00222,ORD00079,PROD0048,1,105,50,9.90,64.90
ITEM00223,ORD00079,PROD0129,3,3660,500,1886.40,12366.40
ITEM00224,ORD00079,PROD0053,3,697,200,340.38,2231.38
ITEM00225,ORD00080,PROD0039,3,1288,50,686.52,4500.52
ITEM00226,ORD00080,PROD0093,2,35821,500,12805.56,83947.56
ITEM00227,ORD00080,PROD0009,5,66722,500,59959.80,393069.80
ITEM00228,ORD00081,PROD0054,3,543,200,257.22,1686.22
ITEM00229,ORD00081,PROD0122,5,16025,500,14332.50,93957.50
ITEM00230,ORD00082,PROD0042,2,999,50,350.64,2298.64
ITEM00231,ORD00082,PROD0085,4,3961,50,2842.92,18636.92
ITEM00232,ORD00082,PROD0070,4,2703,0,1946.16,12758.16
ITEM00233,ORD00083,PROD0120,1,40817,500,7257.06,47574.06
ITEM00234,ORD00083,PROD0083,4,4938,100,3537.36,23189.36
ITEM00235,ORD00083,PROD0157,5,2418,0,2176.20,14266.20
ITEM00236,ORD00083,PROD0015,2,96247,50,34639.92,227083.92
ITEM00237,ORD00084,PROD0114,5,18672,100,16786.80,110046.80
ITEM00238,ORD00084,PROD0061,3,1733,100,917.82,6016.82
ITEM00239,ORD00084,PROD0179,4,1378,100,974.16,6386.16
ITEM00240,ORD00084,PROD0099,5,4940,0,4446.00,29146.00
ITEM00241,ORD00084,PROD0120,2,11825,0,4257.00,27907.00
ITEM00242,ORD00085,PROD0033,2,673,50,233.28,1529.28
ITEM00243,ORD00085,PROD0040,2,980,0,352.80,2312.80
ITEM00244,ORD00085,PROD0158,2,10347,500,3634.92,23828.92
ITEM00245,ORD00085,PROD0051,3,441,100,220.14,1443.14
ITEM00246,ORD00085,PROD0153,1,12590,500,2176.20,14266.20
ITEM00247,ORD00086,PROD0050,5,966,0,869.40,5699.40
ITEM00248,ORD00086,PROD0047,2,732,100,245.52,1609.52
ITEM00249,ORD00086,PROD0171,2,5357,0,1928.52,12642.52
ITEM00250,ORD00087,PROD0063,1,3146,0,566.28,3712.28
ITEM00251,ORD00088,PROD0045,4,941,0,677.52,4441.52
ITEM00252,ORD00089,PROD0143,5,303,100,254.70,1669.70
ITEM00253,ORD00090,PROD0168,1,898,0,161.64,1059.64
ITEM00254,ORD00090,PROD0061,3,1699,50,908.46,5955.46
ITEM00255,ORD00091,PROD0149,3,1018,0,549.72,3603.72
ITEM00256,ORD00091,PROD0158,4,5394,50,3874.68,25400.68
ITEM00257,ORD00092,PROD0154,2,9630,0,3466.80,22726.80
ITEM00258,ORD00092,PROD0050,2,663,200,202.68,1328.68
ITEM00259,ORD00092,PROD0173,4,8306,0,5980.32,39204.32
ITEM00260,ORD00092,PROD0174,5,11527,500,10284.30,67419.30
ITEM00261,ORD00093,PROD0041,5,395,0,355.50,2330.50
ITEM00262,ORD00093,PROD0128,1,7689,0,1384.02,9073.02
ITEM00263,ORD00094,PROD0180,1,8193,200,1438.74,9431.74
ITEM00264,ORD00094,PROD0161,4,523,100,358.56,2350.56
ITEM00265,ORD00095,PROD0159,4,12064,500,8596.08,56352.08
ITEM00266,ORD00095,PROD0020,3,37964,100,20482.56,134274.56
ITEM00267,ORD00096,PROD0069,2,1540,100,536.40,3516.40
ITEM00268,ORD00096,PROD0053,2,68,200,0.00,0.00
ITEM00269,ORD00096,PROD0024,4,72231,0,52006.32,340930.32
ITEM00270,ORD00097,PROD0019,2,65937,0,23737.32,155611.32
ITEM00271,ORD00097,PROD0130,1,30077,100,5395.86,35372.86
ITEM00272,ORD00097,PROD0080,1,3993,200,682.74,4475.74
ITEM00273,ORD00097,PROD0007,2,39742,0,14307.12,93791.12
ITEM00274,ORD00098,PROD0113,4,20618,0,14844.96,97316.96
ITEM00275,ORD00098,PROD0179,4,7881,0,5674.32,37198.32
ITEM00276,ORD00099,PROD0032,2,784,200,246.24,1614.24
ITEM00277,ORD00099,PROD0066,3,4617,0,2493.18,16344.18
ITEM00278,ORD00099,PROD0027,1,89400,200,16056.00,105256.00
ITEM00279,ORD00100,PROD0096,4,30123,50,21679.56,142121.56
ITEM00280,ORD00100,PROD0039,2,542,0,195.12,1279.12
ITEM00281,ORD00100,PROD0167,3,473,200,219.42,1438.42
ITEM00282,ORD00101,PROD0037,5,549,200,458.10,3003.10
ITEM00283,ORD00101,PROD0110,3,25546,0,13794.84,90432.84
ITEM00284,ORD00101,PROD0067,5,3300,500,2880.00,18880.00
ITEM00285,ORD00101,PROD0102,5,29165,200,26212.50,171837.50
ITEM00286,ORD00102,PROD0060,4,511,200,331.92,2175.92
ITEM00287,ORD00103,PROD0059,2,1276,0,459.36,3011.36
ITEM00288,ORD00103,PROD0114,5,21792,200,19576.80,128336.80
ITEM00289,ORD00103,PROD0001,4,49141,50,35372.52,231886.52
ITEM00290,ORD00103,PROD0172,1,3910,0,703.80,4613.80
ITEM00291,ORD00103,PROD0067,2,2518,0,906.48,5942.48
ITEM00292,ORD00104,PROD0047,2,545,100,178.20,1168.20
ITEM00293,ORD00104,PROD0033,2,1369,0,492.84,3230.84
ITEM00294,ORD00104,PROD0103,5,31891,0,28701.90,188156.90
ITEM00295,ORD00104,PROD0098,5,28284,0,25455.60,166875.60
ITEM00296,ORD00105,PROD0035,1,525,200,58.50,383.50
ITEM00297,ORD00105,PROD0113,3,6847,0,3697.38,24238.38
ITEM00298,ORD00105,PROD0043,4,618,500,354.96,2326.96
ITEM00299,ORD00106,PROD0140,4,42076,0,30294.72,198598.72
ITEM00300,ORD00106,PROD0015,2,24429,50,8785.44,57593.44
ITEM00301,ORD00106,PROD0110,2,7546,100,2698.56,17690.56
ITEM00302,ORD00106,PROD0127,1,57748,100,10376.64,68024.64
ITEM00303,ORD00107,PROD0096,2,13449,0,4841.64,31739.64
ITEM00304,ORD00107,PROD0006,1,14489,100,2590.02,16979.02
ITEM00305,ORD00107,PROD0138,5,32975,100,29659.50,194434.50
ITEM00306,ORD00107,PROD0161,4,646,200,429.12,2813.12
ITEM00307,ORD00107,PROD0050,3,853,500,370.62,2429.62
ITEM00308,ORD00108,PROD0133,5,15494,500,13854.60,90824.60
ITEM00309,ORD00108,PROD0050,1,1409,200,217.62,1426.62
ITEM00310,ORD00109,PROD0050,3,622,500,245.88,1611.88
ITEM00311,ORD00109,PROD0121,3,10476,100,5639.04,36967.04
ITEM00312,ORD00109,PROD0101,3,9082,0,4904.28,32150.28
ITEM00313,ORD00109,PROD0040,1,812,200,110.16,722.16
ITEM00314,ORD00109,PROD0060,3,267,100,126.18,827.18
ITEM00315,ORD00110,PROD0015,1,53489,100,9610.02,62999.02
ITEM00316,ORD00110,PROD0145,1,1476,50,256.68,1682.68
ITEM00317,ORD00110,PROD0087,1,1703,200,270.54,1773.54
ITEM00318,ORD00110,PROD0051,3,1364,50,727.56,4769.56
ITEM00319,ORD00111,PROD0114,5,41805,0,37624.50,246649.50
ITEM00320,ORD00111,PROD0052,5,727,0,654.30,4289.30
ITEM00321,ORD00112,PROD0150,3,1482,50,791.28,5187.28
ITEM00322,ORD00112,PROD0095,5,39098,0,35188.20,230678.20
ITEM00323,ORD00112,PROD0041,4,1067,100,750.24,4918.24
ITEM00324,ORD00112,PROD0017,2,23910,200,8571.60,56191.60
ITEM00325,ORD00113,PROD0013,3,56560,200,30506.40,199986.40
ITEM00326,ORD00113,PROD0127,2,15209,0,5475.24,35893.24
ITEM00327,ORD00113,PROD0007,2,90272,0,32497.92,213041.92
ITEM00328,ORD00113,PROD0044,5,310,0,279.00,1829.00
ITEM00329,ORD00114,PROD0112,2,38959,100,14007.24,91825.24
ITEM00330,ORD00114,PROD0098,4,13276,0,9558.72,62662.72
ITEM00331,ORD00115,PROD0163,5,514,200,426.60,2796.60
ITEM00332,ORD00116,PROD0064,1,4383,0,788.94,5171.94
ITEM00333,ORD00116,PROD0087,2,3508,50,1253.88,8219.88
ITEM00334,ORD00117,PROD0017,5,45760,200,41148.00,269748.00
ITEM00335,ORD00117,PROD0098,2,38554,50,13870.44,90928.44
ITEM00336,ORD00117,PROD0045,3,511,0,275.94,1808.94
ITEM00337,ORD00117,PROD0138,5,39712,200,35704.80,234064.80
ITEM00338,ORD00117,PROD0010,2,104469,50,37599.84,246487.84
ITEM00339,ORD00118,PROD0118,1,2008,50,352.44,2310.44
ITEM00340,ORD00118,PROD0005,5,96091,0,86481.90,566936.90
ITEM00341,ORD00118,PROD0103,1,11529,200,2039.22,13368.22
ITEM00342,ORD00119,PROD0034,3,1375,0,742.50,4867.50
ITEM00343,ORD00120,PROD0062,2,2317,50,825.12,5409.12
ITEM00344,ORD00120,PROD0006,1,14176,100,2533.68,16609.68
ITEM00345,ORD00120,PROD0056,4,724,100,503.28,3299.28
ITEM00346,ORD00121,PROD0178,2,8175,200,2907.00,19057.00
ITEM00347,ORD00121,PROD0123,5,45427,100,40866.30,267901.30
ITEM00348,ORD00122,PROD0030,4,19276,50,13869.72,90923.72
ITEM00349,ORD00122,PROD0017,3,116064,500,62584.56,410276.56
ITEM00350,ORD00123,PROD0037,4,1246,100,879.12,5763.12
ITEM00351,ORD00124,PROD0143,2,710,0,255.60,1675.60
ITEM00352,ORD00124,PROD0063,2,997,500,268.92,1762.92
ITEM00353,ORD00125,PROD0160,3,1856,0,1002.24,6570.24
ITEM00354,ORD00125,PROD0061,1,2406,0,433.08,2839.08
ITEM00355,ORD00125,PROD0093,1,16467,100,2946.06,19313.06
ITEM00356,ORD00126,PROD0004,1,97055,200,17433.90,114288.90
ITEM00357,ORD00126,PROD0072,1,4560,200,784.80,5144.80
ITEM00358,ORD00126,PROD0133,4,17571,0,12651.12,82935.12
ITEM00359,ORD00127,PROD0120,5,14519,100,13049.10,85544.10
ITEM00360,ORD00127,PROD0112,4,3337,0,2402.64,15750.64
ITEM00361,ORD00127,PROD0015,1,18215,50,3269.70,21434.70
ITEM00362,ORD00128,PROD0051,5,1482,100,1315.80,8625.80
ITEM00363,ORD00128,PROD0003,5,100034,200,89994.60,589964.60
ITEM00364,ORD00128,PROD0053,3,362,0,195.48,1281.48
ITEM00365,ORD00128,PROD0179,5,2704,100,2415.60,15835.60
ITEM00366,ORD00129,PROD0165,3,581,0,313.74,2056.74
ITEM00367,ORD00129,PROD0115,1,6695,0,1205.10,7900.10
ITEM00368,ORD00129,PROD0129,1,18659,50,3349.62,21958.62
ITEM00369,ORD00129,PROD0171,4,5567,0,4008.24,26276.24
ITEM00370,ORD00129,PROD0033,4,1420,0,1022.40,6702.40
ITEM00371,ORD00130,PROD0138,5,41930,0,37737.00,247387.00
ITEM00372,ORD00130,PROD0137,5,22814,50,20523.60,134543.60
ITEM00373,ORD00130,PROD0162,5,641,0,576.90,3781.90
ITEM00374,ORD00130,PROD0051,2,1377,50,486.72,3190.72
ITEM00375,ORD00130,PROD0081,1,1066,50,182.88,1198.88
ITEM00376,ORD00131,PROD0115,4,16177,200,11611.44,76119.44
ITEM00377,ORD00131,PROD0100,3,21925,100,11821.50,77496.50
ITEM00378,ORD00132,PROD0072,5,4797,200,4281.30,28066.30
ITEM00379,ORD00132,PROD0005,5,19094,50,17175.60,112595.60
ITEM00380,ORD00132,PROD0175,2,2294,50,816.84,5354.84
ITEM00381,ORD00132,PROD0110,2,44783,50,16112.88,105628.88
ITEM00382,ORD00132,PROD0032,3,336,500,91.44,599.44
ITEM00383,ORD00133,PROD0022,1,85253,500,15255.54,100008.54
ITEM00384,ORD00133,PROD0150,3,891,0,481.14,3154.14
ITEM00385,ORD00134,PROD0176,4,4864,0,3502.08,22958.08
ITEM00386,ORD00134,PROD0064,5,742,100,649.80,4259.80
ITEM00387,ORD00134,PROD0101,3,28673,500,15393.42,100912.42
ITEM00388,ORD00135,PROD0068,2,2708,50,965.88,6331.88
ITEM00389,ORD00136,PROD0056,4,195,0,140.40,920.40
ITEM00390,ORD00136,PROD0174,2,8412,500,2938.32,19262.32
ITEM00391,ORD00136,PROD0176,3,2173,0,1173.42,7692.42
ITEM00392,ORD00136,PROD0048,3,215,50,107.10,702.10
ITEM00393,ORD00136,PROD0092,2,28194,200,10113.84,66301.84
ITEM00394,ORD00137,PROD0041,1,643,100,97.74,640.74
ITEM00395,ORD00137,PROD0159,1,14367,200,2550.06,16717.06
ITEM00396,ORD00137,PROD0057,4,942,0,678.24,4446.24
ITEM00397,ORD00137,PROD0076,3,2752,500,1396.08,9152.08
ITEM00398,ORD00138,PROD0061,4,2148,0,1546.56,10138.56
ITEM00399,ORD00139,PROD0094,3,10133,50,5462.82,35811.82
ITEM00400,ORD00140,PROD0017,2,105284,50,37893.24,248411.24
ITEM00401,ORD00140,PROD0044,1,1180,0,212.40,1392.40
ITEM00402,ORD00140,PROD0032,2,414,500,59.04,387.04
ITEM00403,ORD00140,PROD0142,5,1294,500,1074.60,7044.60
ITEM00404,ORD00140,PROD0133,1,5380,0,968.40,6348.40
ITEM00405,ORD00141,PROD0120,4,44624,500,32039.28,210035.28
ITEM00406,ORD00141,PROD0135,5,25006,0,22505.40,147535.40
ITEM00407,ORD00142,PROD0125,1,3123,500,472.14,3095.14
ITEM00408,ORD00142,PROD0178,5,4243,0,3818.70,25033.70
ITEM00409,ORD00142,PROD0163,4,752,200,505.44,3313.44
ITEM00410,ORD00142,PROD0130,5,2741,100,2448.90,16053.90
ITEM00411,ORD00143,PROD0045,2,648,500,143.28,939.28
ITEM00412,ORD00143,PROD0046,4,88,50,54.36,356.36
ITEM00413,ORD00144,PROD0081,5,4371,500,3843.90,25198.90
ITEM00414,ORD00144,PROD0138,4,48647,0,35025.84,229613.84
ITEM00415,ORD00145,PROD0029,2,110186,100,39648.96,259920.96
ITEM00416,ORD00145,PROD0121,3,59179,0,31956.66,209493.66
ITEM00417,ORD00146,PROD0096,1,14116,0,2540.88,16656.88
ITEM00418,ORD00146,PROD0128,4,3828,500,2666.16,17478.16
ITEM00419,ORD00147,PROD0123,4,16035,0,11545.20,75685.20
ITEM00420,ORD00147,PROD0098,1,38014,100,6824.52,44738.52
ITEM00421,ORD00147,PROD0155,4,5966,0,4295.52,28159.52
ITEM00422,ORD00147,PROD0168,2,454,0,163.44,1071.44
ITEM00423,ORD00147,PROD0057,5,1363,500,1136.70,7451.70
ITEM00424,ORD00148,PROD0052,2,578,50,199.08,1305.08
ITEM00425,ORD00148,PROD0074,2,1144,0,411.84,2699.84
ITEM00426,ORD00148,PROD0080,5,2434,50,2181.60,14301.60
ITEM00427,ORD00148,PROD0171,1,253,0,45.54,298.54
ITEM00428,ORD00148,PROD0101,4,43392,100,31224.24,204692.24
ITEM00429,ORD00149,PROD0146,3,1157,500,534.78,3505.78
ITEM00430,ORD00149,PROD0127,4,11496,200,8241.12,54025.12
ITEM00431,ORD00149,PROD0047,1,934,200,132.12,866.12
ITEM00432,ORD00150,PROD0093,2,4324,200,1520.64,9968.64
ITEM00433,ORD00151,PROD0105,2,40574,200,14570.64,95518.64
ITEM00434,ORD00152,PROD0057,3,1407,0,759.78,4980.78
ITEM00435,ORD00153,PROD0069,5,1628,0,1465.20,9605.20
ITEM00436,ORD00153,PROD0138,2,35632,50,12818.52,84032.52
ITEM00437,ORD00153,PROD0141,1,816,0,146.88,962.88
ITEM00438,ORD00153,PROD0073,4,543,200,354.96,2326.96
ITEM00439,ORD00153,PROD0017,5,12847,0,11562.30,75797.30
ITEM00440,ORD00154,PROD0067,1,4732,0,851.76,5583.76
ITEM00441,ORD00155,PROD0137,5,46569,100,41894.10,274639.10
ITEM00442,ORD00156,PROD0133,1,9846,0,1772.28,11618.28
ITEM00443,ORD00156,PROD0068,3,4777,50,2570.58,16851.58
ITEM00444,ORD00156,PROD0070,5,1777,100,1581.30,10366.30
ITEM00445,ORD00156,PROD0049,2,1233,50,434.88,2850.88
ITEM00446,ORD00157,PROD0063,1,1684,0,303.12,1987.12
ITEM00447,ORD00157,PROD0107,5,33529,0,30176.10,197821.10
ITEM00448,ORD00157,PROD0087,3,4556,200,2424.24,15892.24
ITEM00449,ORD00157,PROD0009,2,68030,0,24490.80,160550.80
ITEM00450,ORD00158,PROD0178,3,6099,0,3293.46,21590.46
ITEM00451,ORD00158,PROD0141,3,1425,200,733.50,4808.50
ITEM00452,ORD00158,PROD0012,1,88891,200,15964.38,104655.38
ITEM00453,ORD00159,PROD0046,3,570,0,307.80,2017.80
ITEM00454,ORD00159,PROD0132,3,45196,200,24369.84,159757.84
ITEM00455,ORD00159,PROD0170,2,1017,0,366.12,2400.12
ITEM00456,ORD00159,PROD0139,5,59104,100,53175.60,348595.60
ITEM00457,ORD00159,PROD0058,3,1457,50,777.78,5098.78
ITEM00458,ORD00160,PROD0090,4,3213,500,2223.36,14575.36
ITEM00459,ORD00160,PROD0127,4,57470,0,41378.40,271258.40
ITEM00460,ORD00160,PROD0151,5,10861,0,9774.90,64079.90
ITEM00461,ORD00160,PROD0098,5,9984,100,8967.60,58787.60
ITEM00462,ORD00160,PROD0075,4,862,0,620.64,4068.64
ITEM00463,ORD00161,PROD0031,1,413,50,65.34,428.34
ITEM00464,ORD00161,PROD0092,2,44950,200,16146.00,105846.00
ITEM00465,ORD00161,PROD0093,1,42135,500,7494.30,49129.30
ITEM00466,ORD00162,PROD0092,1,29460,0,5302.80,34762.80
ITEM00467,ORD00162,PROD0171,4,915,200,622.80,4082.80
ITEM00468,ORD00163,PROD0180,2,8460,0,3045.60,19965.60
ITEM00469,ORD00163,PROD0016,2,73553,0,26479.08,173585.08
ITEM00470,ORD00163,PROD0046,1,1371,200,210.78,1381.78
ITEM00471,ORD00163,PROD0002,5,25658,500,23002.20,150792.20
ITEM00472,ORD00164,PROD0063,3,596,100,303.84,1991.84
ITEM00473,ORD00165,PROD0123,4,24107,0,17357.04,113785.04
ITEM00474,ORD00165,PROD0083,1,1443,50,250.74,1643.74
ITEM00475,ORD00166,PROD0133,1,54782,0,9860.76,64642.76
ITEM00476,ORD00166,PROD0157,1,12931,200,2291.58,15022.58
ITEM00477,ORD00167,PROD0018,1,77224,200,13864.32,90888.32
ITEM00478,ORD00167,PROD0158,1,6045,0,1088.10,7133.10
ITEM00479,ORD00167,PROD0174,4,8609,50,6189.48,40575.48
ITEM00480,ORD00167,PROD0117,1,4224,0,760.32,4984.32
ITEM00481,ORD00167,PROD0017,2,7347,500,2554.92,16748.92
ITEM00482,ORD00168,PROD0049,2,1109,500,309.24,2027.24
ITEM00483,ORD00168,PROD0022,3,83761,0,45230.94,296513.94
ITEM00484,ORD00168,PROD0103,4,36141,50,26012.52,170526.52
ITEM00485,ORD00168,PROD0124,3,7540,0,4071.60,26691.60
ITEM00486,ORD00169,PROD0125,2,8767,100,3138.12,20572.12
ITEM00487,ORD00169,PROD0109,3,33685,0,18189.90,119244.90
ITEM00488,ORD00169,PROD0098,3,23884,0,12897.36,84549.36
ITEM00489,ORD00169,PROD0091,1,42780,0,7700.40,50480.40
ITEM00490,ORD00170,PROD0022,4,73030,0,52581.60,344701.60
ITEM00491,ORD00170,PROD0138,3,22276,200,11993.04,78621.04
ITEM00492,ORD00170,PROD0126,5,6490,100,5823.00,38173.00
ITEM00493,ORD00170,PROD0088,1,1809,50,316.62,2075.62
ITEM00494,ORD00171,PROD0097,4,35085,0,25261.20,165601.20
ITEM00495,ORD00171,PROD0079,3,4472,50,2405.88,15771.88
ITEM00496,ORD00171,PROD0058,5,1011,0,909.90,5964.90
ITEM00497,ORD00171,PROD0169,4,215,0,154.80,1014.80
ITEM00498,ORD00172,PROD0061,2,922,0,331.92,2175.92
ITEM00499,ORD00172,PROD0142,3,1377,500,653.58,4284.58
ITEM00500,ORD00172,PROD0180,4,11883,0,8555.76,56087.76
ITEM00501,ORD00173,PROD0048,4,730,0,525.60,3445.60
ITEM00502,ORD00173,PROD0001,4,11104,0,7994.88,52410.88
ITEM00503,ORD00173,PROD0024,4,72707,0,52349.04,343177.04
ITEM00504,ORD00173,PROD0084,2,2592,200,897.12,5881.12
ITEM00505,ORD00174,PROD0169,1,361,100,46.98,307.98
ITEM00506,ORD00174,PROD0019,3,48355,100,26093.70,171058.70
ITEM00507,ORD00175,PROD0157,5,6508,500,5767.20,37807.20
ITEM00508,ORD00175,PROD0127,3,15431,100,8314.74,54507.74
ITEM00509,ORD00176,PROD0075,3,1449,500,692.46,4539.46
ITEM00510,ORD00177,PROD0070,5,698,0,628.20,4118.20
ITEM00511,ORD00177,PROD0032,2,1320,50,466.20,3056.20
ITEM00512,ORD00177,PROD0014,2,21853,50,7858.08,51514.08
ITEM00513,ORD00177,PROD0167,5,182,500,73.80,483.80
ITEM00514,ORD00178,PROD0110,1,19796,0,3563.28,23359.28
ITEM00515,ORD00178,PROD0003,5,30440,0,27396.00,179596.00
ITEM00516,ORD00178,PROD0088,5,2526,200,2237.40,14667.40
ITEM00517,ORD00179,PROD0092,5,23010,50,20700.00,135700.00
ITEM00518,ORD00179,PROD0160,4,4682,100,3353.04,21981.04
ITEM00519,ORD00179,PROD0018,1,107403,50,19323.54,126676.54
ITEM00520,ORD00180,PROD0013,2,92650,500,33264.00,218064.00
ITEM00521,ORD00180,PROD0065,4,1606,0,1156.32,7580.32
ITEM00522,ORD00180,PROD0088,4,1380,500,903.60,5923.60
ITEM00523,ORD00181,PROD0044,5,746,0,671.40,4401.40
ITEM00524,ORD00181,PROD0049,4,970,100,680.40,4460.40
ITEM00525,ORD00182,PROD0143,5,1488,100,1321.20,8661.20
ITEM00526,ORD00182,PROD0092,3,24840,500,13323.60,87343.60
ITEM00527,ORD00182,PROD0136,2,4955,200,1747.80,11457.80
ITEM00528,ORD00183,PROD0174,1,2883,500,428.94,2811.94
ITEM00529,ORD00183,PROD0117,1,10571,200,1866.78,12237.78
ITEM00530,ORD00183,PROD0008,1,113218,0,20379.24,133597.24
ITEM00531,ORD00184,PROD0058,4,378,0,272.16,1784.16
ITEM00532,ORD00184,PROD0060,5,1083,0,974.70,6389.70
ITEM00533,ORD00185,PROD0155,5,13464,0,12117.60,79437.60
ITEM00534,ORD00186,PROD0172,1,6475,200,1129.50,7404.50
ITEM00535,ORD00186,PROD0152,2,10335,0,3720.60,24390.60
ITEM00536,ORD00187,PROD0048,1,201,50,27.18,178.18
ITEM00537,ORD00187,PROD0164,3,543,200,257.22,1686.22
ITEM00538,ORD00187,PROD0179,1,10864,100,1937.52,12701.52
ITEM00539,ORD00187,PROD0098,4,24827,0,17875.44,117183.44
ITEM00540,ORD00188,PROD0010,1,97067,0,17472.06,114539.06
ITEM00541,ORD00188,PROD0164,5,619,100,539.10,3534.10
ITEM00542,ORD00188,PROD0138,4,18997,0,13677.84,89665.84
ITEM00543,ORD00188,PROD0123,5,53616,100,48236.40,316216.40
ITEM00544,ORD00188,PROD0084,4,448,0,322.56,2114.56
ITEM00545,ORD00189,PROD0062,4,2432,100,1733.04,11361.04
ITEM00546,ORD00189,PROD0095,2,2827,50,1008.72,6612.72
ITEM00547,ORD00189,PROD0006,2,118784,50,42753.24,280271.24
ITEM00548,ORD00190,PROD0122,4,43055,100,30981.60,203101.60
ITEM00549,ORD00191,PROD0108,4,39411,200,28339.92,185783.92
ITEM00550,ORD00191,PROD0094,5,31906,100,28697.40,188127.40
ITEM00551,ORD00192,PROD0086,3,2709,100,1444.86,9471.86
ITEM00552,ORD00192,PROD0083,5,2912,100,2602.80,17062.80
ITEM00553,ORD00192,PROD0071,4,1912,500,1286.64,8434.64
ITEM00554,ORD00193,PROD0041,5,1325,0,1192.50,7817.50
ITEM00555,ORD00193,PROD0048,3,249,500,44.46,291.46
ITEM00556,ORD00193,PROD0158,4,11918,0,8580.96,56252.96
ITEM00557,ORD00193,PROD0021,3,47237,500,25417.98,166628.98
ITEM00558,ORD00193,PROD0147,1,736,100,114.48,750.48
ITEM00559,ORD00194,PROD0138,3,55997,0,30238.38,198229.38
ITEM00560,ORD00194,PROD0002,4,38948,0,28042.56,183834.56
ITEM00561,ORD00195,PROD0091,2,27606,200,9902.16,64914.16
ITEM00562,ORD00195,PROD0015,1,102053,100,18351.54,120304.54
ITEM00563,ORD00195,PROD0107,1,35398,100,6353.64,41651.64
ITEM00564,ORD00195,PROD0070,2,1401,100,486.36,3188.36
ITEM00565,ORD00195,PROD0053,3,1022,0,551.88,3617.88
ITEM00566,ORD00196,PROD0005,1,66998,100,12041.64,78939.64
ITEM00567,ORD00196,PROD0084,4,1207,100,851.04,5579.04
ITEM00568,ORD00196,PROD0115,5,14904,200,13377.60,87697.60
ITEM00569,ORD00197,PROD0062,3,874,200,435.96,2857.96
ITEM00570,ORD00197,PROD0075,5,3856,50,3461.40,22691.40
ITEM00571,ORD00197,PROD0059,3,1412,0,762.48,4998.48
ITEM00572,ORD00198,PROD0096,5,18215,0,16393.50,107468.50
ITEM00573,ORD00199,PROD0179,3,3722,0,2009.88,13175.88
ITEM00574,ORD00199,PROD0022,2,68307,200,24554.52,160968.52
ITEM00575,ORD00199,PROD0026,3,23943,0,12929.22,84758.22
ITEM00576,ORD00199,PROD0150,4,361,50,250.92,1644.92
ITEM00577,ORD00199,PROD0025,2,66759,50,24024.24,157492.24
ITEM00578,ORD00200,PROD0019,2,116377,100,41877.72,274531.72
ITEM00579,ORD00201,PROD0089,4,878,100,614.16,4026.16
ITEM00580,ORD00201,PROD0052,4,993,50,705.96,4627.96
ITEM00581,ORD00201,PROD0149,4,651,50,459.72,3013.72
ITEM00582,ORD00202,PROD0112,4,5667,200,4044.24,26512.24
ITEM00583,ORD00202,PROD0101,4,19891,0,14321.52,93885.52
ITEM00584,ORD00202,PROD0033,4,1363,100,963.36,6315.36
ITEM00585,ORD00203,PROD0133,4,21103,0,15194.16,99606.16
ITEM00586,ORD00203,PROD0118,5,40606,100,36527.40,239457.40
ITEM00587,ORD00203,PROD0074,4,4947,0,3561.84,23349.84
ITEM00588,ORD00203,PROD0086,4,877,100,613.44,4021.44
ITEM00589,ORD00204,PROD0010,1,8120,200,1425.60,9345.60
ITEM00590,ORD00204,PROD0177,1,5081,0,914.58,5995.58
ITEM00591,ORD00204,PROD0052,5,255,0,229.50,1504.50
ITEM00592,ORD00205,PROD0130,1,48020,500,8553.60,56073.60
ITEM00593,ORD00205,PROD0053,4,1345,0,968.40,6348.40
ITEM00594,ORD00205,PROD0118,3,8006,500,4233.24,27751.24
ITEM00595,ORD00205,PROD0031,3,952,0,514.08,3370.08
ITEM00596,ORD00205,PROD0020,1,35587,200,6369.66,41756.66
ITEM00597,ORD00206,PROD0087,2,343,0,123.48,809.48
ITEM00598,ORD00207,PROD0050,3,196,0,105.84,693.84
ITEM00599,ORD00208,PROD0024,1,33199,200,5939.82,38938.82
ITEM00600,ORD00208,PROD0155,3,12742,200,6844.68,44870.68
ITEM00601,ORD00208,PROD0102,4,40949,50,29474.28,193220.28
ITEM00602,ORD00208,PROD0051,1,655,0,117.90,772.90
ITEM00603,ORD00209,PROD0157,2,4957,0,1784.52,11698.52
ITEM00604,ORD00209,PROD0036,1,916,50,155.88,1021.88
ITEM00605,ORD00210,PROD0039,4,638,0,459.36,3011.36
ITEM00606,ORD00210,PROD0103,5,23060,100,20736.00,135936.00
ITEM00607,ORD00210,PROD0053,4,428,50,299.16,1961.16
ITEM00608,ORD00210,PROD0067,4,2875,0,2070.00,13570.00
ITEM00609,ORD00211,PROD0101,3,44759,100,24151.86,158328.86
ITEM00610,ORD00212,PROD0067,4,4475,0,3222.00,21122.00
ITEM00611,ORD00212,PROD0063,1,3476,500,535.68,3511.68
ITEM00612,ORD00212,PROD0012,2,74992,0,26997.12,176981.12
ITEM00613,ORD00213,PROD0123,3,40220,0,21718.80,142378.80
ITEM00614,ORD00213,PROD0124,3,18741,50,10111.14,66284.14
ITEM00615,ORD00214,PROD0058,4,740,50,523.80,3433.80
ITEM00616,ORD00214,PROD0150,1,746,100,116.28,762.28
ITEM00617,ORD00214,PROD0031,5,513,100,443.70,2908.70
ITEM00618,ORD00215,PROD0061,1,1777,0,319.86,2096.86
ITEM00619,ORD00215,PROD0059,4,202,200,109.44,717.44
ITEM00620,ORD00215,PROD0179,4,224,100,143.28,939.28
ITEM00621,ORD00215,PROD0139,5,31014,200,27876.60,182746.60
ITEM00622,ORD00215,PROD0163,3,335,200,144.90,949.90
ITEM00623,ORD00216,PROD0140,1,48562,0,8741.16,57303.16
ITEM00624,ORD00216,PROD0091,2,21996,200,7882.56,51674.56
ITEM00625,ORD00216,PROD0001,4,38610,200,27763.20,182003.20
ITEM00626,ORD00217,PROD0096,2,33368,0,12012.48,78748.48
ITEM00627,ORD00217,PROD0148,3,1457,200,750.78,4921.78
ITEM00628,ORD00217,PROD0037,2,570,0,205.20,1345.20
ITEM00629,ORD00218,PROD0109,4,35567,100,25590.24,167758.24
ITEM00630,ORD00219,PROD0043,2,1203,500,343.08,2249.08
ITEM00631,ORD00219,PROD0059,4,1295,500,842.40,5522.40
ITEM00632,ORD00219,PROD0004,5,89640,0,80676.00,528876.00
ITEM00633,ORD00220,PROD0149,4,1128,0,812.16,5324.16
ITEM00634,ORD00220,PROD0008,2,62964,0,22667.04,148595.04
ITEM00635,ORD00221,PROD0034,5,1472,200,1288.80,8448.80
ITEM00636,ORD00221,PROD0141,3,1042,200,526.68,3452.68
ITEM00637,ORD00221,PROD0063,4,1470,0,1058.40,6938.40
ITEM00638,ORD00222,PROD0163,1,69,0,12.42,81.42
ITEM00639,ORD00222,PROD0136,1,5484,500,897.12,5881.12
ITEM00640,ORD00222,PROD0122,3,41290,0,22296.60,146166.60
ITEM00641,ORD00223,PROD0160,1,10799,0,1943.82,12742.82
ITEM00642,ORD00224,PROD0042,4,600,100,414.00,2714.00
ITEM00643,ORD00224,PROD0048,5,791,0,711.90,4666.90
ITEM00644,ORD00224,PROD0083,5,2628,500,2275.20,14915.20
ITEM00645,ORD00224,PROD0003,2,53681,500,19235.16,126097.16
ITEM00646,ORD00225,PROD0110,2,19803,0,7129.08,46735.08
ITEM00647,ORD00226,PROD0099,3,14743,100,7943.22,52072.22
ITEM00648,ORD00227,PROD0053,5,1108,100,979.20,6419.20
ITEM00649,ORD00227,PROD0099,5,2985,200,2650.50,17375.50
ITEM00650,ORD00228,PROD0087,1,3816,0,686.88,4502.88
ITEM00651,ORD00228,PROD0170,4,69,0,49.68,325.68
ITEM00652,ORD00228,PROD0175,4,11826,200,8478.72,55582.72
ITEM00653,ORD00228,PROD0142,2,394,500,51.84,339.84
ITEM00654,ORD00228,PROD0072,4,2596,500,1779.12,11663.12
ITEM00655,ORD00229,PROD0152,3,13487,0,7282.98,47743.98
ITEM00656,ORD00229,PROD0164,3,381,500,115.74,758.74
ITEM00657,ORD00230,PROD0067,2,477,500,81.72,535.72
ITEM00658,ORD00230,PROD0119,1,14232,50,2552.76,16734.76
ITEM00659,ORD00230,PROD0025,1,87896,500,15731.28,103127.28
ITEM00660,ORD00230,PROD0079,5,3028,50,2716.20,17806.20
ITEM00661,ORD00230,PROD0050,2,1196,0,430.56,2822.56
ITEM00662,ORD00231,PROD0057,4,373,0,268.56,1760.56
ITEM00663,ORD00231,PROD0132,2,14890,0,5360.40,35140.40
ITEM00664,ORD00232,PROD0150,3,681,0,367.74,2410.74
ITEM00665,ORD00232,PROD0159,1,14695,200,2609.10,17104.10
ITEM00666,ORD00233,PROD0167,3,153,0,82.62,541.62
ITEM00667,ORD00233,PROD0056,4,1479,200,1028.88,6744.88
ITEM00668,ORD00233,PROD0029,5,43374,0,39036.60,255906.60
ITEM00669,ORD00233,PROD0039,3,394,500,122.76,804.76
ITEM00670,ORD00233,PROD0058,4,912,50,647.64,4245.64
ITEM00671,ORD00234,PROD0140,1,3545,50,629.10,4124.10
ITEM00672,ORD00234,PROD0179,3,9499,50,5120.46,33567.46
ITEM00673,ORD00235,PROD0012,3,108875,200,58756.50,385181.50
ITEM00674,ORD00236,PROD0132,1,28350,500,5013.00,32863.00
ITEM00675,ORD00236,PROD0047,2,550,100,180.00,1180.00
ITEM00676,ORD00236,PROD0040,1,1080,0,194.40,1274.40
ITEM00677,ORD00236,PROD0106,5,20084,0,18075.60,118495.60
ITEM00678,ORD00236,PROD0020,1,80016,0,14402.88,94418.88
ITEM00679,ORD00237,PROD0026,2,42727,0,15381.72,100835.72
ITEM00680,ORD00237,PROD0043,2,1259,0,453.24,2971.24
ITEM00681,ORD00237,PROD0146,3,1114,200,565.56,3707.56
ITEM00682,ORD00237,PROD0053,4,1133,0,815.76,5347.76
ITEM00683,ORD00238,PROD0114,2,10204,100,3655.44,23963.44
ITEM00684,ORD00239,PROD0124,1,31873,0,5737.14,37610.14
ITEM00685,ORD00239,PROD0116,1,15184,0,2733.12,17917.12
ITEM00686,ORD00239,PROD0104,1,37581,200,6728.58,44109.58
ITEM00687,ORD00239,PROD0068,1,2265,100,389.70,2554.70
ITEM00688,ORD00240,PROD0039,5,1019,0,917.10,6012.10
ITEM00689,ORD00240,PROD0145,5,1455,200,1273.50,8348.50
ITEM00690,ORD00241,PROD0054,2,507,0,182.52,1196.52
ITEM00691,ORD00241,PROD0172,2,6771,100,2419.56,15861.56
ITEM00692,ORD00241,PROD0077,5,4984,200,4449.60,29169.60
ITEM00693,ORD00241,PROD0036,1,409,0,73.62,482.62
ITEM00694,ORD00242,PROD0055,2,216,0,77.76,509.76
ITEM00695,ORD00242,PROD0014,4,87073,0,62692.56,410984.56
ITEM00696,ORD00243,PROD0025,4,33478,100,24086.16,157898.16
ITEM00697,ORD00243,PROD0127,2,52871,100,19015.56,124657.56
ITEM00698,ORD00243,PROD0108,1,3955,0,711.90,4666.90
ITEM00699,ORD00243,PROD0020,3,52060,500,28022.40,183702.40
ITEM00700,ORD00243,PROD0128,2,11916,200,4253.76,27885.76
ITEM00701,ORD00244,PROD0099,1,36533,0,6575.94,43108.94
ITEM00702,ORD00244,PROD0049,5,365,50,319.50,2094.50
ITEM00703,ORD00245,PROD0089,3,396,0,213.84,1401.84
ITEM00704,ORD00245,PROD0133,5,34523,100,31052.70,203567.70
ITEM00705,ORD00245,PROD0140,2,26298,0,9467.28,62063.28
ITEM00706,ORD00245,PROD0079,2,3547,0,1276.92,8370.92
ITEM00707,ORD00246,PROD0178,2,5134,500,1758.24,11526.24
ITEM00708,ORD00247,PROD0080,3,4783,50,2573.82,16872.82
ITEM00709,ORD00247,PROD0002,1,9896,100,1763.28,11559.28
ITEM00710,ORD00247,PROD0013,1,97928,50,17618.04,115496.04
ITEM00711,ORD00248,PROD0095,1,38773,0,6979.14,45752.14
ITEM00712,ORD00248,PROD0133,1,11062,0,1991.16,13053.16
ITEM00713,ORD00248,PROD0089,1,2634,0,474.12,3108.12
ITEM00714,ORD00248,PROD0121,2,39567,500,14154.12,92788.12
ITEM00715,ORD00248,PROD0076,4,365,200,226.80,1486.80
ITEM00716,ORD00249,PROD0123,4,15404,0,11090.88,72706.88
ITEM00717,ORD00249,PROD0037,4,257,100,167.04,1095.04
ITEM00718,ORD00249,PROD0146,2,754,0,271.44,1779.44
ITEM00719,ORD00249,PROD0024,5,115605,200,104008.50,681833.50
ITEM00720,ORD00250,PROD0072,4,1301,100,918.72,6022.72
ITEM00721,ORD00250,PROD0070,5,3607,0,3246.30,21281.30
ITEM00722,ORD00250,PROD0039,4,916,500,569.52,3733.52
ITEM00723,ORD00250,PROD0132,1,4088,0,735.84,4823.84
ITEM00724,ORD00251,PROD0099,4,25769,100,18535.68,121511.68
ITEM00725,ORD00251,PROD0082,4,2919,500,2011.68,13187.68
ITEM00726,ORD00251,PROD0104,2,34620,0,12463.20,81703.20
ITEM00727,ORD00251,PROD0164,2,100,0,36.00,236.00
ITEM00728,ORD00252,PROD0082,2,723,500,170.28,1116.28
ITEM00729,ORD00253,PROD0123,3,28387,500,15238.98,99899.98
ITEM00730,ORD00253,PROD0094,3,26955,200,14519.70,95184.70
ITEM00731,ORD00253,PROD0135,5,21618,0,19456.20,127546.20
ITEM00732,ORD00253,PROD0155,2,2746,500,898.56,5890.56
ITEM00733,ORD00254,PROD0043,2,1218,50,429.48,2815.48
ITEM00734,ORD00254,PROD0144,1,266,0,47.88,313.88
ITEM00735,ORD00254,PROD0078,5,3570,200,3177.00,20827.00
ITEM00736,ORD00254,PROD0080,1,413,200,38.34,251.34
ITEM00737,ORD00254,PROD0061,5,4401,100,3942.90,25847.90
ITEM00738,ORD00255,PROD0116,1,36369,500,6456.42,42325.42
ITEM00739,ORD00255,PROD0157,4,7101,0,5112.72,33516.72
ITEM00740,ORD00255,PROD0132,5,7033,0,6329.70,41494.70
ITEM00741,ORD00256,PROD0051,4,147,100,87.84,575.84
ITEM00742,ORD00256,PROD0176,3,528,0,285.12,1869.12
ITEM00743,ORD00256,PROD0018,4,23329,0,16796.88,110112.88
ITEM00744,ORD00257,PROD0088,1,1325,500,148.50,973.50
ITEM00745,ORD00257,PROD0115,3,44360,50,23945.40,156975.40
ITEM00746,ORD00257,PROD0004,3,65335,0,35280.90,231285.90
ITEM00747,ORD00257,PROD0127,5,45813,0,41231.70,270296.70
ITEM00748,ORD00258,PROD0175,5,11272,0,10144.80,66504.80
ITEM00749,ORD00259,PROD0008,2,52539,0,18914.04,123992.04
ITEM00750,ORD00260,PROD0103,2,14933,50,5366.88,35182.88
ITEM00751,ORD00260,PROD0025,1,62991,0,11338.38,74329.38
ITEM00752,ORD00260,PROD0029,4,30663,50,22068.36,144670.36
ITEM00753,ORD00261,PROD0043,5,381,0,342.90,2247.90
ITEM00754,ORD00261,PROD0156,1,6564,0,1181.52,7745.52
ITEM00755,ORD00262,PROD0179,2,1321,500,385.56,2527.56
ITEM00756,ORD00262,PROD0067,1,1246,0,224.28,1470.28
ITEM00757,ORD00262,PROD0162,3,497,0,268.38,1759.38
ITEM00758,ORD00262,PROD0079,5,2751,100,2457.90,16112.90
ITEM00759,ORD00262,PROD0076,1,1621,100,273.78,1794.78
ITEM00760,ORD00263,PROD0174,3,3710,100,1985.40,13015.40
ITEM00761,ORD00263,PROD0054,3,900,0,486.00,3186.00
ITEM00762,ORD00263,PROD0120,5,21148,200,18997.20,124537.20
ITEM00763,ORD00263,PROD0143,1,242,100,25.56,167.56
ITEM00764,ORD00263,PROD0086,3,3472,200,1838.88,12054.88
ITEM00765,ORD00264,PROD0018,1,91915,0,16544.70,108459.70
ITEM00766,ORD00265,PROD0021,2,93288,50,33574.68,220100.68
ITEM00767,ORD00265,PROD0047,5,106,0,95.40,625.40
ITEM00768,ORD00265,PROD0014,4,20678,0,14888.16,97600.16
ITEM00769,ORD00265,PROD0069,1,4055,0,729.90,4784.90
ITEM00770,ORD00266,PROD0114,4,25711,0,18511.92,121355.92
ITEM00771,ORD00266,PROD0110,2,6720,500,2329.20,15269.20
ITEM00772,ORD00266,PROD0109,3,10897,100,5866.38,38457.38
ITEM00773,ORD00266,PROD0082,3,2241,0,1210.14,7933.14
ITEM00774,ORD00267,PROD0077,2,3519,500,1176.84,7714.84
ITEM00775,ORD00267,PROD0180,3,2270,0,1225.80,8035.80
ITEM00776,ORD00267,PROD0019,1,59106,200,10603.08,69509.08
ITEM00777,ORD00268,PROD0146,5,228,100,187.20,1227.20
ITEM00778,ORD00268,PROD0178,1,6558,0,1180.44,7738.44
ITEM00779,ORD00269,PROD0043,5,845,0,760.50,4985.50
ITEM00780,ORD00269,PROD0121,1,48140,200,8629.20,56569.20
ITEM00781,ORD00269,PROD0057,1,286,50,42.48,278.48
ITEM00782,ORD00269,PROD0004,2,36423,0,13112.28,85958.28
ITEM00783,ORD00270,PROD0166,3,734,50,387.36,2539.36
ITEM00784,ORD00270,PROD0140,2,36091,50,12983.76,85115.76
ITEM00785,ORD00270,PROD0180,4,6728,50,4835.16,31697.16
ITEM00786,ORD00270,PROD0119,5,41596,100,37418.40,245298.40
ITEM00787,ORD00271,PROD0002,2,55917,0,20130.12,131964.12
ITEM00788,ORD00271,PROD0172,1,4405,50,783.90,5138.90
ITEM00789,ORD00271,PROD0026,5,38636,200,34736.40,227716.40
ITEM00790,ORD00271,PROD0069,5,522,0,469.80,3079.80
ITEM00791,ORD00272,PROD0031,2,1359,0,489.24,3207.24
ITEM00792,ORD00272,PROD0083,3,1857,0,1002.78,6573.78
ITEM00793,ORD00273,PROD0067,1,4349,500,692.82,4541.82
ITEM00794,ORD00273,PROD0063,4,4930,0,3549.60,23269.60
ITEM00795,ORD00273,PROD0126,2,17822,0,6415.92,42059.92
ITEM00796,ORD00273,PROD0010,2,117644,500,42261.84,277049.84
ITEM00797,ORD00274,PROD0105,5,27798,100,25000.20,163890.20
ITEM00798,ORD00274,PROD0145,4,383,0,275.76,1807.76
ITEM00799,ORD00275,PROD0148,4,1327,0,955.44,6263.44
ITEM00800,ORD00275,PROD0127,1,25561,100,4582.98,30043.98
ITEM00801,ORD00275,PROD0128,2,20390,50,7331.40,48061.40
ITEM00802,ORD00275,PROD0082,2,1334,100,462.24,3030.24
ITEM00803,ORD00275,PROD0004,4,43541,50,31340.52,205454.52
ITEM00804,ORD00276,PROD0073,4,4075,0,2934.00,19234.00
ITEM00805,ORD00276,PROD0010,2,76253,0,27451.08,179957.08
ITEM00806,ORD00276,PROD0051,3,406,200,183.24,1201.24
ITEM00807,ORD00277,PROD0105,3,10658,100,5737.32,37611.32
ITEM00808,ORD00277,PROD0001,3,98569,200,53191.26,348698.26
ITEM00809,ORD00277,PROD0079,5,3247,200,2886.30,18921.30
ITEM00810,ORD00278,PROD0014,3,59221,0,31979.34,209642.34
ITEM00811,ORD00278,PROD0120,3,33420,0,18046.80,118306.80
ITEM00812,ORD00279,PROD0173,3,11072,0,5978.88,39194.88
ITEM00813,ORD00279,PROD0036,1,786,200,105.48,691.48
ITEM00814,ORD00280,PROD0088,2,1815,0,653.40,4283.40
ITEM00815,ORD00280,PROD0100,4,21530,0,15501.60,101621.60
ITEM00816,ORD00280,PROD0055,2,1285,0,462.60,3032.60
ITEM00817,ORD00281,PROD0075,2,2003,0,721.08,4727.08
ITEM00818,ORD00281,PROD0129,1,10417,0,1875.06,12292.06
ITEM00819,ORD00281,PROD0099,1,44161,500,7858.98,51519.98
ITEM00820,ORD00282,PROD0179,2,11609,200,4143.24,27161.24
ITEM00821,ORD00282,PROD0115,1,38699,500,6875.82,45074.82
ITEM00822,ORD00282,PROD0109,3,4646,200,2472.84,16210.84
ITEM00823,ORD00282,PROD0153,4,1036,100,727.92,4771.92
ITEM00824,ORD00283,PROD0050,3,577,0,311.58,2042.58
ITEM00825,ORD00283,PROD0150,5,610,50,540.00,3540.00
ITEM00826,ORD00283,PROD0080,1,1615,50,281.70,1846.70
ITEM00827,ORD00283,PROD0053,5,1399,50,1250.10,8195.10
ITEM00828,ORD00284,PROD0040,3,831,0,448.74,2941.74
ITEM00829,ORD00284,PROD0172,3,2841,100,1516.14,9939.14
ITEM00830,ORD00284,PROD0079,4,889,50,631.08,4137.08
ITEM00831,ORD00285,PROD0027,3,48785,0,26343.90,172698.90
ITEM00832,ORD00285,PROD0047,3,139,0,75.06,492.06
ITEM00833,ORD00285,PROD0105,2,38777,100,13941.72,91395.72
ITEM00834,ORD00286,PROD0133,1,11620,100,2073.60,13593.60
ITEM00835,ORD00286,PROD0058,2,1463,0,526.68,3452.68
ITEM00836,ORD00286,PROD0031,4,1324,200,917.28,6013.28
ITEM00837,ORD00287,PROD0105,2,8383,0,3017.88,19783.88
ITEM00838,ORD00287,PROD0110,2,39829,500,14248.44,93406.44
ITEM00839,ORD00288,PROD0088,1,3428,50,608.04,3986.04
ITEM00840,ORD00288,PROD0026,4,90641,0,65261.52,427825.52
ITEM00841,ORD00289,PROD0075,5,4070,0,3663.00,24013.00
ITEM00842,ORD00289,PROD0066,4,1896,50,1356.12,8890.12
ITEM00843,ORD00289,PROD0091,1,36269,0,6528.42,42797.42
ITEM00844,ORD00289,PROD0138,5,46663,0,41996.70,275311.70
ITEM00845,ORD00290,PROD0005,1,110939,100,19951.02,130790.02
ITEM00846,ORD00290,PROD0137,2,54669,0,19680.84,129018.84
ITEM00847,ORD00290,PROD0075,5,4852,0,4366.80,28626.80
ITEM00848,ORD00291,PROD0149,4,277,100,181.44,1189.44
ITEM00849,ORD00291,PROD0168,5,602,200,505.80,3315.80
ITEM00850,ORD00291,PROD0128,4,1646,100,1167.12,7651.12
ITEM00851,ORD00291,PROD0115,3,14516,500,7748.64,50796.64
ITEM00852,ORD00291,PROD0151,4,14037,0,10106.64,66254.64
ITEM00853,ORD00292,PROD0004,4,69300,0,49896.00,327096.00
ITEM00854,ORD00292,PROD0016,2,83109,0,29919.24,196137.24
ITEM00855,ORD00292,PROD0049,4,77,0,55.44,363.44
ITEM00856,ORD00292,PROD0087,3,3350,50,1800.00,11800.00
ITEM00857,ORD00292,PROD0141,3,650,200,315.00,2065.00
ITEM00858,ORD00293,PROD0065,2,3412,100,1210.32,7934.32
ITEM00859,ORD00293,PROD0119,1,13447,0,2420.46,15867.46
ITEM00860,ORD00293,PROD0131,3,49755,50,26858.70,176073.70
ITEM00861,ORD00293,PROD0019,5,55489,500,49850.10,326795.10
ITEM00862,ORD00293,PROD0169,5,751,0,675.90,4430.90
ITEM00863,ORD00294,PROD0046,3,821,200,407.34,2670.34
ITEM00864,ORD00294,PROD0135,2,32888,0,11839.68,77615.68
ITEM00865,ORD00295,PROD0158,5,8080,50,7263.00,47613.00
ITEM00866,ORD00295,PROD0004,5,103632,50,93259.80,611369.80
ITEM00867,ORD00295,PROD0013,1,70005,50,12591.90,82546.90
ITEM00868,ORD00296,PROD0176,2,403,0,145.08,951.08
ITEM00869,ORD00297,PROD0054,4,125,0,90.00,590.00
ITEM00870,ORD00298,PROD0053,3,1410,0,761.40,4991.40
ITEM00871,ORD00299,PROD0014,4,92987,100,66932.64,438780.64
ITEM00872,ORD00299,PROD0167,3,470,500,163.80,1073.80
ITEM00873,ORD00299,PROD0087,4,4639,50,3331.08,21837.08
ITEM00874,ORD00299,PROD0030,5,106406,200,95729.40,627559.40
ITEM00875,ORD00299,PROD0062,3,4908,500,2560.32,16784.32
ITEM00876,ORD00300,PROD0130,1,51162,0,9209.16,60371.16
ITEM00877,ORD00300,PROD0165,2,946,0,340.56,2232.56
ITEM00878,ORD00300,PROD0047,5,392,100,334.80,2194.80
ITEM00879,ORD00300,PROD0019,3,5579,100,2994.66,19631.66
ITEM00880,ORD00300,PROD0069,2,329,0,118.44,776.44
ITEM00881,ORD00301,PROD0007,4,38752,0,27901.44,182909.44
ITEM00882,ORD00301,PROD0054,5,84,50,66.60,436.60
ITEM00883,ORD00301,PROD0088,1,1136,500,114.48,750.48
ITEM00884,ORD00302,PROD0003,4,111825,100,80496.00,527696.00
ITEM00885,ORD00302,PROD0070,1,1244,0,223.92,1467.92
ITEM00886,ORD00302,PROD0027,3,75905,0,40988.70,268703.70
ITEM00887,ORD00302,PROD0151,2,10873,200,3878.28,25424.28
ITEM00888,ORD00303,PROD0060,2,476,0,171.36,1123.36
ITEM00889,ORD00303,PROD0027,1,35178,100,6314.04,41392.04
ITEM00890,ORD00303,PROD0175,2,8857,50,3179.52,20843.52
ITEM00891,ORD00303,PROD0111,5,7462,0,6715.80,44025.80
ITEM00892,ORD00303,PROD0154,5,3432,100,3070.80,20130.80
ITEM00893,ORD00304,PROD0043,4,1134,0,816.48,5352.48
ITEM00894,ORD00305,PROD0062,4,841,0,605.52,3969.52
ITEM00895,ORD00305,PROD0128,4,39347,100,28311.84,185599.84
ITEM00896,ORD00305,PROD0045,2,827,0,297.72,1951.72
ITEM00897,ORD00305,PROD0091,1,20088,200,3579.84,23467.84
ITEM00898,ORD00306,PROD0068,1,4894,0,880.92,5774.92
ITEM00899,ORD00306,PROD0126,4,9639,200,6904.08,45260.08
ITEM00900,ORD00306,PROD0122,5,37571,0,33813.90,221668.90
ITEM00901,ORD00307,PROD0085,3,3237,50,1738.98,11399.98
ITEM00902,ORD00308,PROD0128,2,13540,0,4874.40,31954.40
ITEM00903,ORD00308,PROD0044,4,255,0,183.60,1203.60
ITEM00904,ORD00308,PROD0076,2,1582,0,569.52,3733.52
ITEM00905,ORD00308,PROD0160,4,3835,50,2752.20,18042.20
ITEM00906,ORD00309,PROD0030,3,33436,0,18055.44,118363.44
ITEM00907,ORD00309,PROD0066,4,4779,0,3440.88,22556.88
ITEM00908,ORD00309,PROD0171,1,9343,50,1672.74,10965.74
ITEM00909,ORD00310,PROD0079,5,3021,500,2628.90,17233.90
ITEM00910,ORD00310,PROD0071,4,1493,0,1074.96,7046.96
ITEM00911,ORD00311,PROD0109,2,20655,200,7399.80,48509.80
ITEM00912,ORD00311,PROD0144,3,249,50,125.46,822.46
ITEM00913,ORD00311,PROD0126,5,38433,0,34589.70,226754.70
ITEM00914,ORD00311,PROD0138,3,3867,0,2088.18,13689.18
ITEM00915,ORD00312,PROD0116,2,4629,0,1666.44,10924.44
ITEM00916,ORD00312,PROD0088,1,1403,100,234.54,1537.54
ITEM00917,ORD00313,PROD0038,4,354,200,218.88,1434.88
ITEM00918,ORD00313,PROD0031,3,1314,100,691.56,4533.56
ITEM00919,ORD00313,PROD0118,5,40062,200,36019.80,236129.80
ITEM00920,ORD00314,PROD0082,1,659,0,118.62,777.62
ITEM00921,ORD00314,PROD0096,2,33103,200,11881.08,77887.08
ITEM00922,ORD00314,PROD0114,5,41248,50,37114.20,243304.20
ITEM00923,ORD00314,PROD0008,1,95475,50,17176.50,112601.50
ITEM00924,ORD00315,PROD0128,3,29870,100,16111.80,105621.80
ITEM00925,ORD00315,PROD0150,1,1077,200,157.86,1034.86
ITEM00926,ORD00316,PROD0159,3,8983,0,4850.82,31799.82
ITEM00927,ORD00316,PROD0176,4,6772,0,4875.84,31963.84
ITEM00928,ORD00316,PROD0142,3,822,200,407.88,2673.88
ITEM00929,ORD00316,PROD0156,5,7548,0,6793.20,44533.20
ITEM00930,ORD00317,PROD0037,1,1122,100,183.96,1205.96
ITEM00931,ORD00317,PROD0076,3,3205,200,1694.70,11109.70
ITEM00932,ORD00317,PROD0156,3,14534,50,7839.36,51391.36
ITEM00933,ORD00317,PROD0178,1,7802,100,1386.36,9088.36
ITEM00934,ORD00317,PROD0089,1,4325,0,778.50,5103.50
ITEM00935,ORD00318,PROD0113,4,7391,100,5303.52,34767.52
ITEM00936,ORD00318,PROD0019,3,94645,0,51108.30,335043.30
ITEM00937,ORD00318,PROD0049,5,960,50,855.00,5605.00
ITEM00938,ORD00319,PROD0098,1,36324,500,6448.32,42272.32
ITEM00939,ORD00319,PROD0132,2,8516,500,2975.76,19507.76
ITEM00940,ORD00319,PROD0037,2,1272,50,448.92,2942.92
ITEM00941,ORD00319,PROD0120,4,30113,200,21645.36,141897.36
ITEM00942,ORD00320,PROD0105,4,36228,200,26048.16,170760.16
ITEM00943,ORD00320,PROD0025,1,43582,100,7826.76,51308.76
ITEM00944,ORD00320,PROD0137,2,17056,0,6140.16,40252.16
ITEM00945,ORD00320,PROD0084,4,3442,0,2478.24,16246.24
ITEM00946,ORD00321,PROD0074,4,405,200,255.60,1675.60
ITEM00947,ORD00321,PROD0180,3,11267,50,6075.18,39826.18
ITEM00948,ORD00321,PROD0022,1,45877,50,8248.86,54075.86
ITEM00949,ORD00321,PROD0130,4,29215,0,21034.80,137894.80
ITEM00950,ORD00321,PROD0060,5,717,500,555.30,3640.30
ITEM00951,ORD00322,PROD0098,5,38110,0,34299.00,224849.00
ITEM00952,ORD00323,PROD0107,5,17739,0,15965.10,104660.10
ITEM00953,ORD00323,PROD0167,3,373,0,201.42,1320.42
ITEM00954,ORD00323,PROD0142,1,464,500,0.00,0.00
ITEM00955,ORD00323,PROD0078,1,1929,0,347.22,2276.22
ITEM00956,ORD00323,PROD0008,4,40946,100,29463.12,193147.12
ITEM00957,ORD00324,PROD0071,2,1173,0,422.28,2768.28
ITEM00958,ORD00324,PROD0099,4,17015,0,12250.80,80310.80
ITEM00959,ORD00325,PROD0067,5,4910,0,4419.00,28969.00
ITEM00960,ORD00325,PROD0150,1,218,100,21.24,139.24
ITEM00961,ORD00326,PROD0151,3,14813,50,7990.02,52379.02
ITEM00962,ORD00326,PROD0162,1,177,0,31.86,208.86
ITEM00963,ORD00326,PROD0023,1,93575,0,16843.50,110418.50
ITEM00964,ORD00326,PROD0167,5,1054,200,912.60,5982.60
ITEM00965,ORD00327,PROD0146,2,480,500,82.80,542.80
ITEM00966,ORD00327,PROD0066,1,1552,500,189.36,1241.36
ITEM00967,ORD00327,PROD0046,1,424,200,40.32,264.32
ITEM00968,ORD00328,PROD0024,1,105295,0,18953.10,124248.10
ITEM00969,ORD00328,PROD0135,2,50324,0,18116.64,118764.64
ITEM00970,ORD00328,PROD0041,5,1333,500,1109.70,7274.70
ITEM00971,ORD00329,PROD0092,1,42255,100,7587.90,49742.90
ITEM00972,ORD00329,PROD0100,3,39901,50,21537.54,141190.54
ITEM00973,ORD00330,PROD0055,1,1269,0,228.42,1497.42
ITEM00974,ORD00330,PROD0116,2,28527,500,10179.72,66733.72
ITEM00975,ORD00331,PROD0157,1,7591,50,1357.38,8898.38
ITEM00976,ORD00331,PROD0027,2,30464,0,10967.04,71895.04
ITEM00977,ORD00331,PROD0012,4,119515,100,86032.80,563992.80
ITEM00978,ORD00332,PROD0061,4,3412,500,2366.64,15514.64
ITEM00979,ORD00332,PROD0063,4,4042,50,2901.24,19019.24
ITEM00980,ORD00332,PROD0109,2,10844,0,3903.84,25591.84
ITEM00981,ORD00332,PROD0054,3,71,0,38.34,251.34
ITEM00982,ORD00333,PROD0017,1,119225,50,21451.50,140626.50
ITEM00983,ORD00333,PROD0093,2,15803,50,5680.08,37236.08
ITEM00984,ORD00333,PROD0178,4,9169,0,6601.68,43277.68
ITEM00985,ORD00334,PROD0130,5,34990,100,31473.00,206323.00
ITEM00986,ORD00334,PROD0026,4,67273,0,48436.56,317528.56
ITEM00987,ORD00334,PROD0166,1,66,0,11.88,77.88
ITEM00988,ORD00334,PROD0068,3,2143,0,1157.22,7586.22
ITEM00989,ORD00334,PROD0154,1,5328,0,959.04,6287.04
ITEM00990,ORD00335,PROD0026,5,8548,0,7693.20,50433.20
ITEM00991,ORD00335,PROD0095,4,38714,100,27856.08,182612.08
ITEM00992,ORD00335,PROD0086,3,952,500,424.08,2780.08
ITEM00993,ORD00336,PROD0144,4,1036,200,709.92,4653.92
ITEM00994,ORD00336,PROD0087,5,569,500,422.10,2767.10
ITEM00995,ORD00336,PROD0179,2,1708,100,596.88,3912.88
ITEM00996,ORD00336,PROD0147,2,488,500,85.68,561.68
ITEM00997,ORD00336,PROD0031,1,194,0,34.92,228.92
ITEM00998,ORD00337,PROD0155,4,611,0,439.92,2883.92
ITEM00999,ORD00337,PROD0163,3,805,500,344.70,2259.70
ITEM01000,ORD00337,PROD0167,5,273,0,245.70,1610.70
ITEM01001,ORD00337,PROD0101,2,12938,0,4657.68,30533.68
ITEM01002,ORD00338,PROD0143,4,1112,100,782.64,5130.64
ITEM01003,ORD00338,PROD0088,5,4160,50,3735.00,24485.00
ITEM01004,ORD00338,PROD0116,3,42235,50,22797.90,149452.90
ITEM01005,ORD00338,PROD0109,3,35257,0,19038.78,124809.78
ITEM01006,ORD00339,PROD0074,5,2036,50,1823.40,11953.40
ITEM01007,ORD00339,PROD0033,1,337,0,60.66,397.66
ITEM01008,ORD00339,PROD0124,2,37031,200,13295.16,87157.16
ITEM01009,ORD00340,PROD0164,3,314,500,79.56,521.56
ITEM01010,ORD00340,PROD0110,1,22014,0,3962.52,25976.52
ITEM01011,ORD00340,PROD0113,5,19417,50,17466.30,114501.30
ITEM01012,ORD00341,PROD0112,1,19786,100,3543.48,23229.48
ITEM01013,ORD00341,PROD0127,2,10179,0,3664.44,24022.44
ITEM01014,ORD00341,PROD0178,2,10905,100,3907.80,25617.80
ITEM01015,ORD00342,PROD0081,4,3133,0,2255.76,14787.76
ITEM01016,ORD00342,PROD0034,5,300,0,270.00,1770.00
ITEM01017,ORD00342,PROD0055,1,1494,100,250.92,1644.92
ITEM01018,ORD00343,PROD0049,1,1397,0,251.46,1648.46
ITEM01019,ORD00344,PROD0121,1,6608,200,1153.44,7561.44
ITEM01020,ORD00344,PROD0004,2,100956,0,36344.16,238256.16
ITEM01021,ORD00344,PROD0035,4,1359,500,888.48,5824.48
ITEM01022,ORD00345,PROD0102,1,3812,200,650.16,4262.16
ITEM01023,ORD00345,PROD0019,1,76961,50,13843.98,90754.98
ITEM01024,ORD00346,PROD0073,5,1128,0,1015.20,6655.20
ITEM01025,ORD00346,PROD0079,3,3016,500,1538.64,10086.64
ITEM01026,ORD00346,PROD0142,4,547,500,303.84,1991.84
ITEM01027,ORD00347,PROD0173,4,11996,200,8601.12,56385.12
ITEM01028,ORD00347,PROD0161,1,105,200,0.00,0.00
ITEM01029,ORD00347,PROD0139,3,38162,0,20607.48,135093.48
ITEM01030,ORD00348,PROD0015,2,99921,200,35935.56,235577.56
ITEM01031,ORD00348,PROD0002,3,17973,100,9687.42,63506.42
ITEM01032,ORD00348,PROD0098,1,36897,200,6605.46,43302.46
ITEM01033,ORD00348,PROD0100,2,36580,0,13168.80,86328.80
ITEM01034,ORD00349,PROD0154,5,11990,0,10791.00,70741.00
ITEM01035,ORD00349,PROD0120,1,12504,100,2232.72,14636.72
ITEM01036,ORD00350,PROD0112,1,26908,100,4825.44,31633.44
ITEM01037,ORD00350,PROD0122,4,49262,0,35468.64,232516.64
ITEM01038,ORD00350,PROD0149,5,1112,200,964.80,6324.80
ITEM01039,ORD00350,PROD0115,5,1817,100,1617.30,10602.30
ITEM01040,ORD00350,PROD0148,3,476,0,257.04,1685.04
ITEM01041,ORD00351,PROD0057,5,923,0,830.70,5445.70
ITEM01042,ORD00352,PROD0111,2,4640,0,1670.40,10950.40
ITEM01043,ORD00352,PROD0062,4,2398,50,1717.56,11259.56
ITEM01044,ORD00352,PROD0120,3,31169,50,16822.26,110279.26
ITEM01045,ORD00353,PROD0055,5,762,500,595.80,3905.80
ITEM01046,ORD00354,PROD0164,5,877,500,699.30,4584.30
ITEM01047,ORD00354,PROD0046,2,644,0,231.84,1519.84
ITEM01048,ORD00354,PROD0018,5,83226,0,74903.40,491033.40
ITEM01049,ORD00355,PROD0085,1,1743,500,223.74,1466.74
ITEM01050,ORD00355,PROD0155,1,511,200,55.98,366.98
ITEM01051,ORD00355,PROD0033,2,1138,50,400.68,2626.68
ITEM01052,ORD00355,PROD0083,3,2483,500,1250.82,8199.82
ITEM01053,ORD00356,PROD0046,3,153,0,82.62,541.62
ITEM01054,ORD00356,PROD0026,2,64039,0,23054.04,151132.04
ITEM01055,ORD00356,PROD0135,1,29296,50,5264.28,34510.28
ITEM01056,ORD00356,PROD0087,3,1492,100,787.68,5163.68
ITEM01057,ORD00357,PROD0003,1,53516,0,9632.88,63148.88
ITEM01058,ORD00358,PROD0108,2,33975,50,12222.00,80122.00
ITEM01059,ORD00358,PROD0020,4,45819,0,32989.68,216265.68
ITEM01060,ORD00358,PROD0110,2,35102,0,12636.72,82840.72
ITEM01061,ORD00359,PROD0009,4,71342,200,51330.24,336498.24
ITEM01062,ORD00359,PROD0101,1,5353,0,963.54,6316.54
ITEM01063,ORD00360,PROD0115,1,20981,200,3740.58,24521.58
ITEM01064,ORD00360,PROD0053,5,1489,500,1250.10,8195.10
ITEM01065,ORD00360,PROD0082,3,3054,500,1559.16,10221.16
ITEM01066,ORD00360,PROD0141,4,582,0,419.04,2747.04
ITEM01067,ORD00361,PROD0068,2,4029,0,1450.44,9508.44
ITEM01068,ORD00361,PROD0091,1,38418,500,6825.24,44743.24
ITEM01069,ORD00361,PROD0078,2,4876,0,1755.36,11507.36
ITEM01070,ORD00361,PROD0070,5,2789,500,2420.10,15865.10
ITEM01071,ORD00362,PROD0089,3,1716,50,917.64,6015.64
ITEM01072,ORD00363,PROD0041,2,783,0,281.88,1847.88
ITEM01073,ORD00364,PROD0137,3,6615,0,3572.10,23417.10
ITEM01074,ORD00364,PROD0029,3,17544,50,9464.76,62046.76
ITEM01075,ORD00364,PROD0161,3,519,200,244.26,1601.26
ITEM01076,ORD00364,PROD0016,1,45282,500,8060.76,52842.76
ITEM01077,ORD00364,PROD0031,1,516,50,83.88,549.88
ITEM01078,ORD00365,PROD0121,2,34262,0,12334.32,80858.32
ITEM01079,ORD00365,PROD0113,3,1011,0,545.94,3578.94
ITEM01080,ORD00365,PROD0022,2,14407,0,5186.52,34000.52
ITEM01081,ORD00365,PROD0125,3,24042,100,12964.68,84990.68
ITEM01082,ORD00365,PROD0001,1,59626,0,10732.68,70358.68
ITEM01083,ORD00366,PROD0108,5,2263,0,2036.70,13351.70
ITEM01084,ORD00366,PROD0152,1,4535,0,816.30,5351.30
ITEM01085,ORD00366,PROD0169,2,304,0,109.44,717.44
ITEM01086,ORD00367,PROD0100,3,24220,0,13078.80,85738.80
ITEM01087,ORD00368,PROD0056,3,1073,100,561.42,3680.42
ITEM01088,ORD00368,PROD0028,1,57748,0,10394.64,68142.64
ITEM01089,ORD00368,PROD0089,5,3351,0,3015.90,19770.90
ITEM01090,ORD00368,PROD0061,3,1862,200,969.48,6355.48
ITEM01091,ORD00368,PROD0174,3,8979,0,4848.66,31785.66
ITEM01092,ORD00369,PROD0013,4,6661,50,4786.92,31380.92
ITEM01093,ORD00369,PROD0173,3,9122,200,4889.88,32055.88
ITEM01094,ORD00370,PROD0031,4,850,100,594.00,3894.00
ITEM01095,ORD00370,PROD0058,2,205,100,55.80,365.80
ITEM01096,ORD00370,PROD0116,1,7443,0,1339.74,8782.74
ITEM01097,ORD00370,PROD0069,3,2995,0,1617.30,10602.30
ITEM01098,ORD00371,PROD0010,4,17218,0,12396.96,81268.96
ITEM01099,ORD00371,PROD0039,1,168,100,12.24,80.24
ITEM01100,ORD00371,PROD0088,4,4006,200,2848.32,18672.32
ITEM01101,ORD00371,PROD0081,1,3712,500,578.16,3790.16
ITEM01102,ORD00371,PROD0096,3,18339,500,9813.06,64330.06
ITEM01103,ORD00372,PROD0180,1,11028,0,1985.04,13013.04
ITEM01104,ORD00372,PROD0121,5,20705,500,18544.50,121569.50
ITEM01105,ORD00373,PROD0068,4,2237,500,1520.64,9968.64
ITEM01106,ORD00373,PROD0106,1,3674,500,571.32,3745.32
ITEM01107,ORD00373,PROD0093,1,16106,0,2899.08,19005.08
ITEM01108,ORD00374,PROD0023,5,88164,100,79329.60,520049.60
ITEM01109,ORD00374,PROD0035,3,370,200,163.80,1073.80
ITEM01110,ORD00374,PROD0028,1,95960,0,17272.80,113232.80
ITEM01111,ORD00374,PROD0144,1,342,200,25.56,167.56
ITEM01112,ORD00375,PROD0006,4,33228,50,23915.16,156777.16
ITEM01113,ORD00375,PROD0059,2,303,500,19.08,125.08
ITEM01114,ORD00375,PROD0072,5,618,0,556.20,3646.20
ITEM01115,ORD00376,PROD0030,4,7733,0,5567.76,36499.76
ITEM01116,ORD00376,PROD0134,2,3878,0,1396.08,9152.08
ITEM01117,ORD00376,PROD0158,1,14104,200,2502.72,16406.72
ITEM01118,ORD00377,PROD0074,3,1863,50,997.02,6536.02
ITEM01119,ORD00377,PROD0149,5,901,0,810.90,5315.90
ITEM01120,ORD00377,PROD0037,3,700,200,342.00,2242.00
ITEM01121,ORD00377,PROD0176,2,8308,0,2990.88,19606.88
ITEM01122,ORD00378,PROD0165,2,997,500,268.92,1762.92
ITEM01123,ORD00378,PROD0036,3,188,0,101.52,665.52
ITEM01124,ORD00379,PROD0067,4,494,50,346.68,2272.68
ITEM01125,ORD00380,PROD0048,2,185,50,57.60,377.60
ITEM01126,ORD00380,PROD0091,2,40956,200,14708.16,96420.16
ITEM01127,ORD00380,PROD0168,3,315,100,152.10,997.10
ITEM01128,ORD00381,PROD0040,3,672,500,272.88,1788.88
ITEM01129,ORD00381,PROD0162,2,1190,100,410.40,2690.40
ITEM01130,ORD00381,PROD0063,3,3575,0,1930.50,12655.50
ITEM01131,ORD00382,PROD0073,2,3913,0,1408.68,9234.68
ITEM01132,ORD00382,PROD0101,2,2874,0,1034.64,6782.64
ITEM01133,ORD00382,PROD0074,3,4873,500,2541.42,16660.42
ITEM01134,ORD00382,PROD0155,2,13858,100,4970.88,32586.88
ITEM01135,ORD00383,PROD0162,5,1002,500,811.80,5321.80
ITEM01136,ORD00383,PROD0179,1,3569,200,606.42,3975.42
ITEM01137,ORD00383,PROD0121,2,57594,0,20733.84,135921.84
ITEM01138,ORD00384,PROD0081,3,3389,0,1830.06,11997.06
ITEM01139,ORD00384,PROD0149,4,584,50,411.48,2697.48
ITEM01140,ORD00384,PROD0025,3,14422,200,7751.88,50817.88
ITEM01141,ORD00384,PROD0166,2,1080,0,388.80,2548.80
ITEM01142,ORD00385,PROD0133,1,33578,500,5954.04,39032.04
ITEM01143,ORD00386,PROD0055,3,641,0,346.14,2269.14
ITEM01144,ORD00386,PROD0083,3,3132,50,1682.28,11028.28
ITEM01145,ORD00386,PROD0038,4,1009,0,726.48,4762.48
ITEM01146,ORD00387,PROD0170,4,524,50,368.28,2414.28
ITEM01147,ORD00387,PROD0124,5,9252,50,8317.80,54527.80
ITEM01148,ORD00387,PROD0079,1,666,0,119.88,785.88
ITEM01149,ORD00387,PROD0015,4,44335,0,31921.20,209261.20
ITEM01150,ORD00388,PROD0123,2,32152,100,11556.72,75760.72
ITEM01151,ORD00388,PROD0161,2,1056,500,290.16,1902.16
ITEM01152,ORD00388,PROD0002,5,31436,0,28292.40,185472.40
ITEM01153,ORD00388,PROD0091,5,29937,0,26943.30,176628.30
ITEM01154,ORD00388,PROD0175,4,4160,0,2995.20,19635.20
ITEM01155,ORD00389,PROD0099,4,29167,500,20910.24,137078.24
ITEM01156,ORD00389,PROD0038,2,633,0,227.88,1493.88
ITEM01157,ORD00389,PROD0059,3,1057,200,534.78,3505.78
ITEM01158,ORD00389,PROD0039,2,1284,200,426.24,2794.24
ITEM01159,ORD00390,PROD0087,3,4598,50,2473.92,16217.92
ITEM01160,ORD00390,PROD0174,5,4010,50,3600.00,23600.00
ITEM01161,ORD00390,PROD0080,5,2433,500,2099.70,13764.70
ITEM01162,ORD00390,PROD0158,5,4808,200,4291.20,28131.20
ITEM01163,ORD00390,PROD0177,4,3379,100,2414.88,15830.88
ITEM01164,ORD00391,PROD0133,1,50392,0,9070.56,59462.56
ITEM01165,ORD00391,PROD0167,5,116,0,104.40,684.40
ITEM01166,ORD00392,PROD0137,1,12684,200,2247.12,14731.12
ITEM01167,ORD00393,PROD0010,2,119217,0,42918.12,281352.12
ITEM01168,ORD00393,PROD0169,2,673,50,233.28,1529.28
ITEM01169,ORD00393,PROD0009,4,79254,50,57053.88,374019.88
ITEM01170,ORD00393,PROD0174,1,8819,100,1569.42,10288.42
ITEM01171,ORD00393,PROD0111,2,12549,500,4427.64,29025.64
ITEM01172,ORD00394,PROD0117,4,15662,50,11267.64,73865.64
ITEM01173,ORD00394,PROD0150,5,958,500,772.20,5062.20
ITEM01174,ORD00394,PROD0106,3,17893,200,9626.22,63105.22
ITEM01175,ORD00394,PROD0023,3,88820,0,47962.80,314422.80
ITEM01176,ORD00395,PROD0141,2,264,0,95.04,623.04
ITEM01177,ORD00395,PROD0127,1,12347,0,2222.46,14569.46
ITEM01178,ORD00395,PROD0034,1,1206,0,217.08,1423.08
ITEM01179,ORD00395,PROD0012,1,6409,50,1144.62,7503.62
ITEM01180,ORD00396,PROD0109,4,8567,500,6078.24,39846.24
ITEM01181,ORD00396,PROD0009,1,88702,0,15966.36,104668.36
ITEM01182,ORD00396,PROD0041,5,350,0,315.00,2065.00
ITEM01183,ORD00397,PROD0049,5,1302,0,1171.80,7681.80
ITEM01184,ORD00397,PROD0117,4,25025,0,18018.00,118118.00
ITEM01185,ORD00397,PROD0025,4,115721,0,83319.12,546203.12
ITEM01186,ORD00398,PROD0116,1,10822,0,1947.96,12769.96
ITEM01187,ORD00398,PROD0030,2,62379,200,22420.44,146978.44
ITEM01188,ORD00398,PROD0106,3,3384,200,1791.36,11743.36
ITEM01189,ORD00398,PROD0163,3,827,100,428.58,2809.58
ITEM01190,ORD00399,PROD0092,3,43149,0,23300.46,152747.46
ITEM01191,ORD00399,PROD0133,4,43401,200,31212.72,204616.72
ITEM01192,ORD00399,PROD0057,5,161,0,144.90,949.90
ITEM01193,ORD00399,PROD0053,2,995,50,349.20,2289.20
ITEM01194,ORD00400,PROD0151,3,12631,50,6811.74,44654.74
ITEM01195,ORD00400,PROD0177,3,8461,100,4550.94,29833.94
ITEM01196,ORD00401,PROD0033,2,1160,200,381.60,2501.60
ITEM01197,ORD00401,PROD0084,5,3172,0,2854.80,18714.80
ITEM01198,ORD00402,PROD0051,5,1460,500,1224.00,8024.00
ITEM01199,ORD00402,PROD0093,1,36172,0,6510.96,42682.96
ITEM01200,ORD00402,PROD0070,5,1429,100,1268.10,8313.10
ITEM01201,ORD00402,PROD0132,1,10086,0,1815.48,11901.48
ITEM01202,ORD00402,PROD0178,1,9158,0,1648.44,10806.44
ITEM01203,ORD00403,PROD0120,4,22391,100,16103.52,105567.52
ITEM01204,ORD00403,PROD0150,5,1198,0,1078.20,7068.20
ITEM01205,ORD00403,PROD0180,1,7320,200,1281.60,8401.60
ITEM01206,ORD00403,PROD0095,2,42317,100,15216.12,99750.12
ITEM01207,ORD00404,PROD0145,1,1365,0,245.70,1610.70
ITEM01208,ORD00404,PROD0055,5,966,0,869.40,5699.40
ITEM01209,ORD00404,PROD0162,3,312,100,150.48,986.48
ITEM01210,ORD00404,PROD0029,2,93349,0,33605.64,220303.64
ITEM01211,ORD00404,PROD0139,1,54499,50,9800.82,64249.82
ITEM01212,ORD00405,PROD0120,4,1307,500,851.04,5579.04
ITEM01213,ORD00406,PROD0103,1,25171,0,4530.78,29701.78
ITEM01214,ORD00406,PROD0180,3,7335,0,3960.90,25965.90
ITEM01215,ORD00407,PROD0031,3,849,500,368.46,2415.46
ITEM01216,ORD00407,PROD0007,4,100315,200,72190.80,473250.80
ITEM01217,ORD00407,PROD0168,4,1167,200,804.24,5272.24
ITEM01218,ORD00407,PROD0120,3,10967,200,5886.18,38587.18
ITEM01219,ORD00407,PROD0111,5,20639,500,18485.10,121180.10
ITEM01220,ORD00408,PROD0120,2,36618,0,13182.48,86418.48
ITEM01221,ORD00409,PROD0055,2,389,0,140.04,918.04
ITEM01222,ORD00409,PROD0104,1,44701,100,8028.18,52629.18
ITEM01223,ORD00409,PROD0109,3,39545,200,21318.30,139753.30
ITEM01224,ORD00409,PROD0023,1,80676,0,14521.68,95197.68
ITEM01225,ORD00409,PROD0142,3,700,50,369.00,2419.00
ITEM01226,ORD00410,PROD0147,3,534,500,198.36,1300.36
ITEM01227,ORD00411,PROD0103,4,13269,500,9463.68,62039.68
ITEM01228,ORD00411,PROD0096,4,19311,0,13903.92,91147.92
ITEM01229,ORD00411,PROD0151,4,13754,200,9866.88,64682.88
ITEM01230,ORD00411,PROD0037,1,365,0,65.70,430.70
ITEM01231,ORD00412,PROD0179,2,3881,0,1397.16,9159.16
ITEM01232,ORD00413,PROD0097,1,20358,0,3664.44,24022.44
ITEM01233,ORD00413,PROD0172,1,8601,0,1548.18,10149.18
ITEM01234,ORD00413,PROD0042,1,194,0,34.92,228.92
ITEM01235,ORD00413,PROD0131,4,18240,0,13132.80,86092.80
ITEM01236,ORD00413,PROD0034,3,1439,0,777.06,5094.06
ITEM01237,ORD00414,PROD0030,3,6391,0,3451.14,22624.14
ITEM01238,ORD00414,PROD0095,5,8297,0,7467.30,48952.30
ITEM01239,ORD00414,PROD0051,4,1249,500,809.28,5305.28
ITEM01240,ORD00414,PROD0126,4,46926,0,33786.72,221490.72
ITEM01241,ORD00414,PROD0159,2,3246,500,1078.56,7070.56
ITEM01242,ORD00415,PROD0092,5,37924,200,34095.60,223515.60
ITEM01243,ORD00416,PROD0027,5,12609,0,11348.10,74393.10
ITEM01244,ORD00416,PROD0051,3,219,50,109.26,716.26
ITEM01245,ORD00417,PROD0128,5,43636,0,39272.40,257452.40
ITEM01246,ORD00417,PROD0176,5,9798,0,8818.20,57808.20
ITEM01247,ORD00418,PROD0077,4,3432,0,2471.04,16199.04
ITEM01248,ORD00419,PROD0092,5,32142,0,28927.80,189637.80
ITEM01249,ORD00419,PROD0015,2,103811,0,37371.96,244993.96
ITEM01250,ORD00420,PROD0042,2,1295,50,457.20,2997.20
ITEM01251,ORD00420,PROD0014,3,69040,100,37263.60,244283.60
ITEM01252,ORD00420,PROD0033,1,163,0,29.34,192.34
ITEM01253,ORD00420,PROD0153,1,13203,50,2367.54,15520.54
ITEM01254,ORD00421,PROD0076,4,3084,0,2220.48,14556.48
ITEM01255,ORD00421,PROD0001,3,93345,0,50406.30,330441.30
ITEM01256,ORD00421,PROD0160,5,10051,0,9045.90,59300.90
ITEM01257,ORD00421,PROD0138,3,59682,100,32210.28,211156.28
ITEM01258,ORD00421,PROD0044,4,369,0,265.68,1741.68
ITEM01259,ORD00422,PROD0018,2,114654,0,41275.44,270583.44
ITEM01260,ORD00422,PROD0106,1,5290,100,934.20,6124.20
ITEM01261,ORD00422,PROD0120,3,32167,0,17370.18,113871.18
ITEM01262,ORD00423,PROD0054,3,1418,100,747.72,4901.72
ITEM01263,ORD00423,PROD0117,5,9023,0,8120.70,53235.70
ITEM01264,ORD00424,PROD0051,2,973,500,260.28,1706.28
ITEM01265,ORD00424,PROD0167,4,508,0,365.76,2397.76
ITEM01266,ORD00424,PROD0089,1,1585,500,195.30,1280.30
ITEM01267,ORD00424,PROD0156,5,9689,100,8702.10,57047.10
ITEM01268,ORD00425,PROD0090,5,1783,500,1514.70,9929.70
ITEM01269,ORD00426,PROD0081,3,4049,0,2186.46,14333.46
ITEM01270,ORD00426,PROD0043,5,622,0,559.80,3669.80
ITEM01271,ORD00426,PROD0161,3,208,200,76.32,500.32
ITEM01272,ORD00426,PROD0108,4,3903,50,2801.16,18363.16
ITEM01273,ORD00426,PROD0045,4,1429,200,992.88,6508.88
ITEM01274,ORD00427,PROD0028,2,57258,500,20522.88,134538.88
ITEM01275,ORD00427,PROD0051,3,433,100,215.82,1414.82
ITEM01276,ORD00427,PROD0059,3,877,100,455.58,2986.58
ITEM01277,ORD00427,PROD0012,2,71621,0,25783.56,169025.56
ITEM01278,ORD00427,PROD0119,3,10261,200,5504.94,36087.94
ITEM01279,ORD00428,PROD0050,2,469,100,150.84,988.84
ITEM01280,ORD00429,PROD0077,4,1485,0,1069.20,7009.20
ITEM01281,ORD00430,PROD0101,3,27933,200,15047.82,98646.82
ITEM01282,ORD00431,PROD0019,2,79963,50,28777.68,188653.68
ITEM01283,ORD00431,PROD0122,1,19353,100,3465.54,22718.54
ITEM01284,ORD00431,PROD0177,3,1888,50,1010.52,6624.52
ITEM01285,ORD00431,PROD0126,5,33626,100,30245.40,198275.40
ITEM01286,ORD00432,PROD0159,3,11616,200,6236.64,40884.64
ITEM01287,ORD00432,PROD0109,2,34150,100,12276.00,80476.00
ITEM01288,ORD00432,PROD0071,5,3279,0,2951.10,19346.10
ITEM01289,ORD00432,PROD0034,4,933,0,671.76,4403.76
ITEM01290,ORD00433,PROD0155,2,9133,0,3287.88,21553.88
ITEM01291,ORD00433,PROD0117,4,5389,50,3871.08,25377.08
ITEM01292,ORD00433,PROD0018,2,109775,0,39519.00,259069.00
ITEM01293,ORD00433,PROD0007,3,65082,0,35144.28,230390.28
ITEM01294,ORD00434,PROD0151,2,14274,200,5102.64,33450.64
ITEM01295,ORD00434,PROD0154,5,11477,200,10293.30,67478.30
ITEM01296,ORD00434,PROD0051,2,317,0,114.12,748.12
ITEM01297,ORD00434,PROD0145,1,960,0,172.80,1132.80
ITEM01298,ORD00435,PROD0116,4,10135,200,7261.20,47601.20
ITEM01299,ORD00435,PROD0029,3,34721,100,18731.34,122794.34
ITEM01300,ORD00435,PROD0024,3,84717,0,45747.18,299898.18
ITEM01301,ORD00435,PROD0154,4,1317,500,858.24,5626.24
ITEM01302,ORD00435,PROD0176,4,8762,100,6290.64,41238.64
ITEM01303,ORD00436,PROD0085,1,435,50,69.30,454.30
ITEM01304,ORD00436,PROD0095,4,32137,200,23102.64,151450.64
ITEM01305,ORD00436,PROD0112,1,1499,0,269.82,1768.82
ITEM01306,ORD00436,PROD0070,1,359,0,64.62,423.62
ITEM01307,ORD00437,PROD0170,2,1058,100,362.88,2378.88
ITEM01308,ORD00437,PROD0141,5,1013,50,902.70,5917.70
ITEM01309,ORD00437,PROD0004,3,118528,500,63915.12,418999.12
ITEM01310,ORD00437,PROD0012,3,55751,500,30015.54,196768.54
ITEM01311,ORD00437,PROD0078,5,1200,0,1080.00,7080.00
ITEM01312,ORD00438,PROD0151,5,6820,0,6138.00,40238.00
ITEM01313,ORD00438,PROD0078,4,3248,50,2329.56,15271.56
ITEM01314,ORD00438,PROD0159,3,7422,0,4007.88,26273.88
ITEM01315,ORD00438,PROD0130,4,32728,0,23564.16,154476.16
ITEM01316,ORD00438,PROD0147,3,414,0,223.56,1465.56
ITEM01317,ORD00439,PROD0021,4,74391,200,53525.52,350889.52
ITEM01318,ORD00439,PROD0008,5,33590,0,30231.00,198181.00
ITEM01319,ORD00439,PROD0053,3,391,0,211.14,1384.14
ITEM01320,ORD00439,PROD0158,1,12846,200,2276.28,14922.28
ITEM01321,ORD00439,PROD0095,4,28216,200,20279.52,132943.52
ITEM01322,ORD00440,PROD0072,5,4525,500,3982.50,26107.50
ITEM01323,ORD00440,PROD0078,1,4261,200,730.98,4791.98
ITEM01324,ORD00440,PROD0034,2,1104,500,307.44,2015.44
ITEM01325,ORD00440,PROD0012,2,51027,0,18369.72,120423.72
ITEM01326,ORD00440,PROD0132,1,35855,500,6363.90,41718.90
ITEM01327,ORD00441,PROD0146,1,242,500,0.00,0.00
ITEM01328,ORD00441,PROD0153,5,5116,0,4604.40,30184.40
ITEM01329,ORD00441,PROD0014,1,103993,500,18628.74,122121.74
ITEM01330,ORD00441,PROD0172,5,10246,0,9221.40,60451.40
ITEM01331,ORD00441,PROD0031,3,606,200,291.24,1909.24
ITEM01332,ORD00442,PROD0162,1,610,0,109.80,719.80
ITEM01333,ORD00442,PROD0010,3,44557,500,23970.78,157141.78
ITEM01334,ORD00443,PROD0179,2,2503,200,865.08,5671.08
ITEM01335,ORD00443,PROD0100,2,24436,0,8796.96,57668.96
ITEM01336,ORD00444,PROD0011,1,93804,100,16866.72,110570.72
ITEM01337,ORD00444,PROD0111,1,27415,0,4934.70,32349.70
ITEM01338,ORD00444,PROD0013,3,69276,0,37409.04,245237.04
ITEM01339,ORD00444,PROD0002,3,13098,200,7036.92,46130.92
ITEM01340,ORD00444,PROD0163,5,899,50,800.10,5245.10
ITEM01341,ORD00445,PROD0053,3,1054,200,533.16,3495.16
ITEM01342,ORD00445,PROD0051,5,808,200,691.20,4531.20
ITEM01343,ORD00445,PROD0002,1,102878,0,18518.04,121396.04
ITEM01344,ORD00445,PROD0167,4,241,500,83.52,547.52
ITEM01345,ORD00446,PROD0003,1,34148,200,6110.64,40058.64
ITEM01346,ORD00446,PROD0063,2,3522,0,1267.92,8311.92
ITEM01347,ORD00447,PROD0014,1,11611,0,2089.98,13700.98
ITEM01348,ORD00447,PROD0144,3,364,500,106.56,698.56
ITEM01349,ORD00447,PROD0035,2,1421,0,511.56,3353.56
ITEM01350,ORD00448,PROD0169,1,1145,100,188.10,1233.10
ITEM01351,ORD00449,PROD0126,3,38058,100,20533.32,134607.32
ITEM01352,ORD00450,PROD0008,1,104266,0,18767.88,123033.88
ITEM01353,ORD00450,PROD0023,4,79456,100,57190.32,374914.32
ITEM01354,ORD00450,PROD0154,3,835,100,432.90,2837.90
ITEM01355,ORD00451,PROD0131,2,53298,0,19187.28,125783.28
ITEM01356,ORD00451,PROD0098,3,34998,0,18898.92,123892.92
ITEM01357,ORD00451,PROD0180,3,9454,0,5105.16,33467.16
ITEM01358,ORD00451,PROD0166,5,778,100,682.20,4472.20
ITEM01359,ORD00452,PROD0063,3,3390,0,1830.60,12000.60
ITEM01360,ORD00452,PROD0068,4,1265,200,874.80,5734.80
ITEM01361,ORD00453,PROD0177,5,11309,100,10160.10,66605.10
ITEM01362,ORD00453,PROD0130,5,35432,0,31888.80,209048.80
ITEM01363,ORD00453,PROD0146,4,1016,50,722.52,4736.52
ITEM01364,ORD00453,PROD0129,2,39939,200,14342.04,94020.04
ITEM01365,ORD00453,PROD0043,5,986,100,869.40,5699.40
ITEM01366,ORD00454,PROD0006,4,87830,500,63147.60,413967.60
ITEM01367,ORD00454,PROD0094,5,19189,50,17261.10,113156.10
ITEM01368,ORD00454,PROD0076,3,4457,500,2316.78,15187.78
ITEM01369,ORD00455,PROD0120,1,8329,500,1409.22,9238.22
ITEM01370,ORD00455,PROD0145,1,1429,0,257.22,1686.22
ITEM01371,ORD00456,PROD0035,3,98,500,0.00,0.00
ITEM01372,ORD00456,PROD0013,3,18274,0,9867.96,64689.96
ITEM01373,ORD00456,PROD0177,5,2725,200,2416.50,15841.50
ITEM01374,ORD00456,PROD0111,3,12961,0,6998.94,45881.94
ITEM01375,ORD00457,PROD0043,1,425,500,0.00,0.00
ITEM01376,ORD00458,PROD0092,5,8593,500,7643.70,50108.70
ITEM01377,ORD00458,PROD0125,5,57575,0,51817.50,339692.50
ITEM01378,ORD00458,PROD0128,4,7293,0,5250.96,34422.96
ITEM01379,ORD00459,PROD0089,1,4174,0,751.32,4925.32
ITEM01380,ORD00459,PROD0088,2,323,0,116.28,762.28
ITEM01381,ORD00460,PROD0128,2,37141,200,13334.76,87416.76
ITEM01382,ORD00460,PROD0084,5,4186,100,3749.40,24579.40
ITEM01383,ORD00460,PROD0160,2,4124,200,1448.64,9496.64
ITEM01384,ORD00461,PROD0053,3,535,0,288.90,1893.90
ITEM01385,ORD00461,PROD0028,2,72456,0,26084.16,170996.16
ITEM01386,ORD00461,PROD0127,1,38466,0,6923.88,45389.88
ITEM01387,ORD00462,PROD0078,1,3889,50,691.02,4530.02
ITEM01388,ORD00463,PROD0066,2,327,500,27.72,181.72
ITEM01389,ORD00463,PROD0028,4,102295,100,73634.40,482714.40
ITEM01390,ORD00463,PROD0093,5,12015,50,10804.50,70829.50
ITEM01391,ORD00464,PROD0084,4,513,200,333.36,2185.36
ITEM01392,ORD00464,PROD0026,1,97448,100,17522.64,114870.64
ITEM01393,ORD00464,PROD0029,3,15505,100,8354.70,54769.70
ITEM01394,ORD00465,PROD0173,4,10260,0,7387.20,48427.20
ITEM01395,ORD00465,PROD0004,2,8021,0,2887.56,18929.56
ITEM01396,ORD00465,PROD0110,1,32341,500,5731.38,37572.38
ITEM01397,ORD00465,PROD0055,4,557,500,311.04,2039.04
ITEM01398,ORD00466,PROD0070,4,463,500,243.36,1595.36
ITEM01399,ORD00466,PROD0027,3,14167,0,7650.18,50151.18
ITEM01400,ORD00466,PROD0098,4,11287,0,8126.64,53274.64
ITEM01401,ORD00467,PROD0144,3,610,100,311.40,2041.40
ITEM01402,ORD00467,PROD0131,1,25657,500,4528.26,29685.26
ITEM01403,ORD00468,PROD0043,2,350,200,90.00,590.00
ITEM01404,ORD00469,PROD0094,4,40691,200,29261.52,191825.52
ITEM01405,ORD00469,PROD0135,5,44409,100,39950.10,261895.10
ITEM01406,ORD00470,PROD0156,3,10063,0,5434.02,35623.02
ITEM01407,ORD00470,PROD0160,5,3386,0,3047.40,19977.40
ITEM01408,ORD00470,PROD0004,5,74555,50,67090.50,439815.50
ITEM01409,ORD00470,PROD0006,4,76202,500,54775.44,359083.44
ITEM01410,ORD00471,PROD0101,3,10020,0,5410.80,35470.80
ITEM01411,ORD00472,PROD0089,3,1814,500,889.56,5831.56
ITEM01412,ORD00472,PROD0180,2,5328,50,1909.08,12515.08
ITEM01413,ORD00472,PROD0034,2,1479,0,532.44,3490.44
ITEM01414,ORD00472,PROD0043,1,1319,0,237.42,1556.42
ITEM01415,ORD00473,PROD0037,1,1398,100,233.64,1531.64
ITEM01416,ORD00473,PROD0022,4,82629,50,59483.88,389949.88
ITEM01417,ORD00474,PROD0020,2,99863,500,35860.68,235086.68
ITEM01418,ORD00475,PROD0055,1,1149,0,206.82,1355.82
ITEM01419,ORD00475,PROD0011,2,26366,0,9491.76,62223.76
ITEM01420,ORD00475,PROD0108,4,15101,500,10782.72,70686.72
ITEM01421,ORD00476,PROD0117,1,8041,0,1447.38,9488.38
ITEM01422,ORD00476,PROD0176,2,9376,500,3285.36,21537.36
ITEM01423,ORD00476,PROD0178,2,6353,500,2197.08,14403.08
ITEM01424,ORD00476,PROD0035,5,95,100,67.50,442.50
ITEM01425,ORD00477,PROD0125,2,48570,200,17449.20,114389.20
ITEM01426,ORD00477,PROD0073,5,4930,0,4437.00,29087.00
ITEM01427,ORD00477,PROD0085,3,3292,0,1777.68,11653.68
ITEM01428,ORD00477,PROD0047,1,943,50,160.74,1053.74
ITEM01429,ORD00477,PROD0014,5,106482,0,95833.80,628243.80
ITEM01430,ORD00478,PROD0003,1,7646,500,1286.28,8432.28
ITEM01431,ORD00478,PROD0022,4,91538,0,65907.36,432059.36
ITEM01432,ORD00478,PROD0019,3,56643,50,30578.22,200457.22
ITEM01433,ORD00478,PROD0159,3,4327,0,2336.58,15317.58
ITEM01434,ORD00479,PROD0034,2,657,50,227.52,1491.52
ITEM01435,ORD00479,PROD0024,2,97046,0,34936.56,229028.56
ITEM01436,ORD00479,PROD0026,5,39846,0,35861.40,235091.40
ITEM01437,ORD00480,PROD0086,1,3310,50,586.80,3846.80
ITEM01438,ORD00481,PROD0094,1,26490,0,4768.20,31258.20
ITEM01439,ORD00481,PROD0042,1,1463,100,245.34,1608.34
ITEM01440,ORD00482,PROD0128,1,5796,200,1007.28,6603.28
ITEM01441,ORD00482,PROD0175,4,5626,100,4032.72,26436.72
ITEM01442,ORD00482,PROD0015,2,83157,100,29918.52,196132.52
ITEM01443,ORD00483,PROD0030,3,31845,0,17196.30,112731.30
ITEM01444,ORD00483,PROD0176,3,6480,50,3490.20,22880.20
ITEM01445,ORD00484,PROD0161,4,1132,0,815.04,5343.04
ITEM01446,ORD00484,PROD0179,4,2768,50,1983.96,13005.96
ITEM01447,ORD00484,PROD0149,1,1472,0,264.96,1736.96
ITEM01448,ORD00484,PROD0092,2,44578,100,16030.08,105086.08
ITEM01449,ORD00484,PROD0027,3,43367,0,23418.18,153519.18
ITEM01450,ORD00485,PROD0152,4,8544,0,6151.68,40327.68
ITEM01451,ORD00485,PROD0001,3,114552,50,61849.08,405455.08
ITEM01452,ORD00485,PROD0135,4,2628,0,1892.16,12404.16
ITEM01453,ORD00485,PROD0004,2,60371,0,21733.56,142475.56
ITEM01454,ORD00486,PROD0133,2,59266,0,21335.76,139867.76
ITEM01455,ORD00486,PROD0109,5,19883,0,17894.70,117309.70
ITEM01456,ORD00486,PROD0004,2,31830,0,11458.80,75118.80
ITEM01457,ORD00486,PROD0069,3,3547,50,1906.38,12497.38
ITEM01458,ORD00486,PROD0080,5,383,50,335.70,2200.70
ITEM01459,ORD00487,PROD0099,4,26250,0,18900.00,123900.00
ITEM01460,ORD00487,PROD0015,1,18789,0,3382.02,22171.02
ITEM01461,ORD00487,PROD0179,1,7911,200,1387.98,9098.98
ITEM01462,ORD00488,PROD0161,3,606,100,309.24,2027.24
ITEM01463,ORD00488,PROD0063,4,340,0,244.80,1604.80
ITEM01464,ORD00489,PROD0008,3,92065,200,49679.10,325674.10
ITEM01465,ORD00489,PROD0121,2,59338,200,21325.68,139801.68
ITEM01466,ORD00489,PROD0137,5,26045,0,23440.50,153665.50
ITEM01467,ORD00489,PROD0119,2,41194,0,14829.84,97217.84
ITEM01468,ORD00490,PROD0135,5,38807,100,34908.30,228843.30
ITEM01469,ORD00490,PROD0078,2,3978,0,1432.08,9388.08
ITEM01470,ORD00490,PROD0061,5,4226,200,3767.40,24697.40
ITEM01471,ORD00491,PROD0043,1,658,50,109.44,717.44
ITEM01472,ORD00491,PROD0064,1,353,0,63.54,416.54
ITEM01473,ORD00492,PROD0127,5,11496,0,10346.40,67826.40
ITEM01474,ORD00492,PROD0134,5,50952,0,45856.80,300616.80
ITEM01475,ORD00492,PROD0092,1,41965,0,7553.70,49518.70
ITEM01476,ORD00493,PROD0099,4,43418,50,31251.96,204873.96
ITEM01477,ORD00493,PROD0019,4,80191,0,57737.52,378501.52
ITEM01478,ORD00493,PROD0108,3,12404,200,6662.16,43674.16
ITEM01479,ORD00493,PROD0062,4,605,100,417.60,2737.60
ITEM01480,ORD00494,PROD0128,5,34199,0,30779.10,201774.10
ITEM01481,ORD00495,PROD0092,5,23024,0,20721.60,135841.60
ITEM01482,ORD00495,PROD0120,2,34166,0,12299.76,80631.76
ITEM01483,ORD00495,PROD0107,1,8322,100,1479.96,9701.96
ITEM01484,ORD00495,PROD0176,2,11093,200,3957.48,25943.48
ITEM01485,ORD00496,PROD0071,3,566,0,305.64,2003.64
ITEM01486,ORD00496,PROD0040,1,740,500,43.20,283.20
ITEM01487,ORD00497,PROD0138,2,31146,100,11194.56,73386.56
ITEM01488,ORD00498,PROD0009,2,68864,0,24791.04,162519.04
ITEM01489,ORD00498,PROD0125,3,32410,0,17501.40,114731.40
ITEM01490,ORD00498,PROD0112,4,18398,100,13228.56,86720.56
ITEM01491,ORD00498,PROD0149,1,672,0,120.96,792.96
ITEM01492,ORD00498,PROD0040,5,296,100,248.40,1628.40
ITEM01493,ORD00499,PROD0057,2,477,50,162.72,1066.72
ITEM01494,ORD00499,PROD0013,1,34642,50,6226.56,40818.56
ITEM01495,ORD00499,PROD0103,4,35014,50,25201.08,165207.08
ITEM01496,ORD00499,PROD0068,1,1977,100,337.86,2214.86
ITEM01497,ORD00499,PROD0167,1,1189,0,214.02,1403.02
ITEM01498,ORD00500,PROD0101,4,5247,0,3777.84,24765.84
ITEM01499,ORD00500,PROD0043,5,1447,100,1284.30,8419.30
ITEM01500,ORD00500,PROD0091,2,10604,200,3781.44,24789.44
ITEM01501,ORD00500,PROD0089,5,1660,200,1458.00,9558.00
ITEM01502,ORD00500,PROD0159,3,4921,50,2648.34,17361.34
ITEM01503,ORD00501,PROD0166,4,618,500,354.96,2326.96
ITEM01504,ORD00501,PROD0132,2,21973,0,7910.28,51856.28
ITEM01505,ORD00502,PROD0096,5,39518,500,35476.20,232566.20
ITEM01506,ORD00502,PROD0022,4,25894,0,18643.68,122219.68
ITEM01507,ORD00502,PROD0105,1,3667,0,660.06,4327.06
ITEM01508,ORD00502,PROD0013,2,32590,0,11732.40,76912.40
ITEM01509,ORD00503,PROD0051,5,1392,500,1162.80,7622.80
ITEM01510,ORD00504,PROD0105,2,5392,500,1851.12,12135.12
ITEM01511,ORD00505,PROD0027,4,96594,0,69547.68,455923.68
ITEM01512,ORD00506,PROD0165,1,349,0,62.82,411.82
ITEM01513,ORD00506,PROD0098,3,43857,500,23592.78,154663.78
ITEM01514,ORD00506,PROD0034,5,1307,200,1140.30,7475.30
ITEM01515,ORD00506,PROD0094,3,24938,0,13466.52,88280.52
ITEM01516,ORD00507,PROD0124,4,57472,0,41379.84,271267.84
ITEM01517,ORD00507,PROD0015,2,99185,500,35616.60,233486.60
ITEM01518,ORD00507,PROD0082,2,1313,200,436.68,2862.68
ITEM01519,ORD00507,PROD0012,5,34959,0,31463.10,206258.10
ITEM01520,ORD00508,PROD0083,2,1314,100,455.04,2983.04
ITEM01521,ORD00508,PROD0146,2,819,0,294.84,1932.84
ITEM01522,ORD00508,PROD0054,5,330,0,297.00,1947.00
ITEM01523,ORD00508,PROD0173,5,2838,0,2554.20,16744.20
ITEM01524,ORD00508,PROD0008,4,105701,200,76068.72,498672.72
ITEM01525,ORD00509,PROD0100,4,43598,500,31300.56,205192.56
ITEM01526,ORD00510,PROD0059,2,244,0,87.84,575.84
ITEM01527,ORD00510,PROD0167,4,691,0,497.52,3261.52
ITEM01528,ORD00510,PROD0089,2,4485,0,1614.60,10584.60
ITEM01529,ORD00511,PROD0121,1,49964,0,8993.52,58957.52
ITEM01530,ORD00511,PROD0063,1,473,500,0.00,0.00
ITEM01531,ORD00511,PROD0180,1,8791,0,1582.38,10373.38
ITEM01532,ORD00511,PROD0067,5,1993,100,1775.70,11640.70
ITEM01533,ORD00512,PROD0034,1,1215,500,128.70,843.70
ITEM01534,ORD00512,PROD0038,2,978,50,343.08,2249.08
ITEM01535,ORD00512,PROD0032,1,780,200,104.40,684.40
ITEM01536,ORD00513,PROD0003,3,89481,0,48319.74,316762.74
ITEM01537,ORD00514,PROD0140,5,18342,0,16507.80,108217.80
ITEM01538,ORD00514,PROD0167,5,52,0,46.80,306.80
ITEM01539,ORD00514,PROD0088,3,2092,200,1093.68,7169.68
ITEM01540,ORD00514,PROD0166,5,923,100,812.70,5327.70
ITEM01541,ORD00514,PROD0134,2,44664,0,16079.04,105407.04
ITEM01542,ORD00515,PROD0037,1,616,50,101.88,667.88
ITEM01543,ORD00515,PROD0040,4,999,500,629.28,4125.28
ITEM01544,ORD00516,PROD0060,4,1205,200,831.60,5451.60
ITEM01545,ORD00516,PROD0148,5,1414,0,1272.60,8342.60
ITEM01546,ORD00517,PROD0016,2,37480,0,13492.80,88452.80
ITEM01547,ORD00517,PROD0010,5,94843,500,85268.70,558983.70
ITEM01548,ORD00517,PROD0062,2,4400,200,1548.00,10148.00
ITEM01549,ORD00517,PROD0080,2,4064,0,1463.04,9591.04
ITEM01550,ORD00517,PROD0095,5,29356,500,26330.40,172610.40
ITEM01551,ORD00518,PROD0168,1,651,50,108.18,709.18
ITEM01552,ORD00519,PROD0053,5,657,0,591.30,3876.30
ITEM01553,ORD00519,PROD0150,3,1381,0,745.74,4888.74
ITEM01554,ORD00519,PROD0070,1,3906,0,703.08,4609.08
ITEM01555,ORD00519,PROD0032,1,1203,0,216.54,1419.54
ITEM01556,ORD00520,PROD0144,2,547,0,196.92,1290.92
ITEM01557,ORD00520,PROD0007,2,14846,0,5344.56,35036.56
ITEM01558,ORD00520,PROD0060,2,615,50,212.40,1392.40
ITEM01559,ORD00520,PROD0055,4,295,200,176.40,1156.40
ITEM01560,ORD00520,PROD0143,2,214,500,0.00,0.00
ITEM01561,ORD00521,PROD0084,5,791,0,711.90,4666.90
ITEM01562,ORD00521,PROD0137,2,12303,0,4429.08,29035.08
ITEM01563,ORD00521,PROD0155,5,8670,50,7794.00,51094.00
ITEM01564,ORD00521,PROD0086,2,1541,0,554.76,3636.76
ITEM01565,ORD00522,PROD0067,3,3534,50,1899.36,12451.36
ITEM01566,ORD00522,PROD0019,5,109066,200,98123.40,643253.40
ITEM01567,ORD00523,PROD0155,4,2047,100,1455.84,9543.84
ITEM01568,ORD00523,PROD0152,1,3414,500,524.52,3438.52
ITEM01569,ORD00523,PROD0149,5,1289,100,1142.10,7487.10
ITEM01570,ORD00523,PROD0144,3,1244,500,581.76,3813.76
ITEM01571,ORD00524,PROD0035,1,1038,200,150.84,988.84
ITEM01572,ORD00524,PROD0134,3,39229,500,21093.66,138280.66
ITEM01573,ORD00524,PROD0150,4,374,0,269.28,1765.28
ITEM01574,ORD00524,PROD0145,1,833,0,149.94,982.94
ITEM01575,ORD00524,PROD0132,2,5718,500,1968.48,12904.48
ITEM01576,ORD00525,PROD0107,3,23966,200,12905.64,84603.64
ITEM01577,ORD00526,PROD0023,1,73734,100,13254.12,86888.12
ITEM01578,ORD00527,PROD0112,3,31957,200,17220.78,112891.78
ITEM01579,ORD00527,PROD0085,5,926,0,833.40,5463.40
ITEM01580,ORD00527,PROD0067,2,2674,50,953.64,6251.64
ITEM01581,ORD00528,PROD0113,1,38359,0,6904.62,45263.62
ITEM01582,ORD00529,PROD0102,5,3341,50,2997.90,19652.90
ITEM01583,ORD00529,PROD0093,5,925,50,823.50,5398.50
ITEM01584,ORD00530,PROD0102,5,20800,0,18720.00,122720.00
ITEM01585,ORD00530,PROD0040,1,52,100,0.00,0.00
ITEM01586,ORD00530,PROD0072,1,4215,50,749.70,4914.70
ITEM01587,ORD00530,PROD0080,3,3214,50,1726.56,11318.56
ITEM01588,ORD00531,PROD0172,1,8026,500,1354.68,8880.68
ITEM01589,ORD00531,PROD0118,3,33670,100,18163.80,119073.80
ITEM01590,ORD00531,PROD0083,2,2903,0,1045.08,6851.08
ITEM01591,ORD00531,PROD0077,1,3866,100,677.88,4443.88
ITEM01592,ORD00531,PROD0147,2,866,100,293.76,1925.76
ITEM01593,ORD00532,PROD0150,1,1241,0,223.38,1464.38
ITEM01594,ORD00532,PROD0121,3,51927,0,28040.58,183821.58
ITEM01595,ORD00532,PROD0073,3,3186,0,1720.44,11278.44
ITEM01596,ORD00532,PROD0130,1,33648,200,6020.64,39468.64
ITEM01597,ORD00532,PROD0136,2,40851,100,14688.36,96290.36
ITEM01598,ORD00533,PROD0158,2,9680,0,3484.80,22844.80
ITEM01599,ORD00533,PROD0149,2,679,200,208.44,1366.44
ITEM01600,ORD00533,PROD0066,2,3703,100,1315.08,8621.08
ITEM01601,ORD00534,PROD0063,5,1011,0,909.90,5964.90
ITEM01602,ORD00534,PROD0086,3,2029,500,1005.66,6592.66
ITEM01603,ORD00534,PROD0130,3,27950,100,15075.00,98825.00
ITEM01604,ORD00534,PROD0031,4,514,0,370.08,2426.08
ITEM01605,ORD00534,PROD0114,2,17208,500,6104.88,40020.88
ITEM01606,ORD00535,PROD0053,5,382,0,343.80,2253.80
ITEM01607,ORD00536,PROD0180,4,2257,100,1607.04,10535.04
ITEM01608,ORD00537,PROD0156,2,10038,200,3577.68,23453.68
ITEM01609,ORD00537,PROD0040,2,620,0,223.20,1463.20
ITEM01610,ORD00537,PROD0116,3,11908,100,6412.32,42036.32
ITEM01611,ORD00537,PROD0144,3,1145,50,609.30,3994.30
ITEM01612,ORD00538,PROD0012,5,40117,500,36015.30,236100.30
ITEM01613,ORD00538,PROD0059,4,296,100,195.12,1279.12
ITEM01614,ORD00538,PROD0068,5,1992,50,1783.80,11693.80
ITEM01615,ORD00538,PROD0076,4,3712,0,2672.64,17520.64
ITEM01616,ORD00539,PROD0074,1,1013,0,182.34,1195.34
ITEM01617,ORD00539,PROD0179,3,2347,500,1177.38,7718.38
ITEM01618,ORD00539,PROD0001,5,51431,100,46269.90,303324.90
ITEM01619,ORD00539,PROD0107,1,9834,0,1770.12,11604.12
ITEM01620,ORD00539,PROD0002,1,99223,100,17842.14,116965.14
ITEM01621,ORD00540,PROD0035,1,1344,0,241.92,1585.92
ITEM01622,ORD00540,PROD0129,3,57255,200,30881.70,202446.70
ITEM01623,ORD00540,PROD0158,5,10100,50,9081.00,59531.00
ITEM01624,ORD00540,PROD0026,5,108089,0,97280.10,637725.10
ITEM01625,ORD00540,PROD0001,3,108415,200,58508.10,383553.10
ITEM01626,ORD00541,PROD0032,3,459,200,211.86,1388.86
ITEM01627,ORD00541,PROD0098,2,26028,200,9334.08,61190.08
ITEM01628,ORD00542,PROD0178,3,2664,200,1402.56,9194.56
ITEM01629,ORD00542,PROD0040,2,437,200,121.32,795.32
ITEM01630,ORD00542,PROD0009,4,99339,500,71434.08,468290.08
ITEM01631,ORD00542,PROD0084,4,3338,50,2394.36,15696.36
ITEM01632,ORD00542,PROD0103,1,14582,50,2615.76,17147.76
ITEM01633,ORD00543,PROD0066,3,1667,0,900.18,5901.18
ITEM01634,ORD00544,PROD0160,3,6828,500,3597.12,23581.12
ITEM01635,ORD00544,PROD0100,4,18258,100,13127.76,86059.76
ITEM01636,ORD00544,PROD0019,4,28773,0,20716.56,135808.56
ITEM01637,ORD00545,PROD0114,3,29583,500,15884.82,104133.82
ITEM01638,ORD00545,PROD0117,2,5125,500,1755.00,11505.00
ITEM01639,ORD00545,PROD0094,4,8398,200,6010.56,39402.56
ITEM01640,ORD00545,PROD0122,3,43790,0,23646.60,155016.60
ITEM01641,ORD00545,PROD0047,2,1172,0,421.92,2765.92
ITEM01642,ORD00546,PROD0139,1,7154,500,1197.72,7851.72
ITEM01643,ORD00546,PROD0012,2,35161,0,12657.96,82979.96
ITEM01644,ORD00546,PROD0093,5,32559,0,29303.10,192098.10
ITEM01645,ORD00547,PROD0178,3,9737,200,5221.98,34232.98
ITEM01646,ORD00547,PROD0055,1,1076,500,103.68,679.68
ITEM01647,ORD00548,PROD0148,2,325,0,117.00,767.00
ITEM01648,ORD00549,PROD0048,1,714,50,119.52,783.52
ITEM01649,ORD00550,PROD0049,4,675,100,468.00,3068.00
ITEM01650,ORD00550,PROD0152,1,13846,0,2492.28,16338.28
ITEM01651,ORD00550,PROD0147,4,1188,0,855.36,5607.36
ITEM01652,ORD00550,PROD0022,1,63893,200,11464.74,75157.74
ITEM01653,ORD00550,PROD0084,2,3056,200,1064.16,6976.16
ITEM01654,ORD00551,PROD0057,4,152,200,73.44,481.44
ITEM01655,ORD00551,PROD0174,2,6126,0,2205.36,14457.36
ITEM01656,ORD00552,PROD0164,3,692,200,337.68,2213.68
ITEM01657,ORD00552,PROD0003,1,16760,50,3007.80,19717.80
ITEM01658,ORD00553,PROD0179,5,4151,0,3735.90,24490.90
ITEM01659,ORD00554,PROD0015,4,30515,500,21880.80,143440.80
ITEM01660,ORD00554,PROD0024,5,18889,500,16910.10,110855.10
ITEM01661,ORD00554,PROD0064,5,3660,200,3258.00,21358.00
ITEM01662,ORD00554,PROD0129,4,52101,50,37503.72,245857.72
ITEM01663,ORD00555,PROD0029,1,99179,100,17834.22,116913.22
ITEM01664,ORD00555,PROD0180,2,8695,0,3130.20,20520.20
ITEM01665,ORD00555,PROD0098,3,2305,50,1235.70,8100.70
ITEM01666,ORD00555,PROD0112,5,24507,100,22038.30,144473.30
ITEM01667,ORD00555,PROD0060,2,1383,100,479.88,3145.88
ITEM01668,ORD00556,PROD0099,1,29579,200,5288.22,34667.22
ITEM01669,ORD00556,PROD0139,4,5176,500,3636.72,23840.72
ITEM01670,ORD00556,PROD0062,2,2625,0,945.00,6195.00
ITEM01671,ORD00556,PROD0017,3,65736,0,35497.44,232705.44
ITEM01672,ORD00556,PROD0029,5,10530,50,9468.00,62068.00
ITEM01673,ORD00557,PROD0014,5,115044,200,103503.60,678523.60
ITEM01674,ORD00557,PROD0171,5,9846,500,8771.40,57501.40
ITEM01675,ORD00557,PROD0104,5,12778,100,11482.20,75272.20
ITEM01676,ORD00558,PROD0101,3,12115,100,6524.10,42769.10
ITEM01677,ORD00558,PROD0148,1,559,500,10.62,69.62
ITEM01678,ORD00558,PROD0064,4,3817,500,2658.24,17426.24
ITEM01679,ORD00558,PROD0014,2,51566,100,18545.76,121577.76
ITEM01680,ORD00558,PROD0081,4,4711,100,3373.92,22117.92
ITEM01681,ORD00559,PROD0164,4,209,200,114.48,750.48
ITEM01682,ORD00559,PROD0048,3,1405,200,722.70,4737.70
ITEM01683,ORD00559,PROD0006,5,94329,0,84896.10,556541.10
ITEM01684,ORD00559,PROD0097,1,42384,200,7593.12,49777.12
ITEM01685,ORD00559,PROD0158,1,5811,50,1036.98,6797.98
ITEM01686,ORD00560,PROD0153,3,11916,500,6344.64,41592.64
ITEM01687,ORD00560,PROD0177,4,4192,200,2982.24,19550.24
ITEM01688,ORD00560,PROD0128,1,18424,0,3316.32,21740.32
ITEM01689,ORD00560,PROD0072,3,3919,500,2026.26,13283.26
ITEM01690,ORD00560,PROD0158,1,1965,0,353.70,2318.70
ITEM01691,ORD00561,PROD0040,5,566,0,509.40,3339.40
ITEM01692,ORD00562,PROD0127,1,50627,500,9022.86,59149.86
ITEM01693,ORD00562,PROD0102,4,29317,50,21099.24,138317.24
ITEM01694,ORD00563,PROD0034,4,133,100,77.76,509.76
ITEM01695,ORD00563,PROD0036,1,342,200,25.56,167.56
ITEM01696,ORD00563,PROD0020,2,89498,0,32219.28,211215.28
ITEM01697,ORD00563,PROD0151,4,2664,0,1918.08,12574.08
ITEM01698,ORD00564,PROD0157,5,12448,100,11185.20,73325.20
ITEM01699,ORD00565,PROD0079,3,1935,0,1044.90,6849.90
ITEM01700,ORD00566,PROD0076,2,2386,0,858.96,5630.96
ITEM01701,ORD00566,PROD0028,2,17436,0,6276.96,41148.96
ITEM01702,ORD00566,PROD0156,4,10462,0,7532.64,49380.64
ITEM01703,ORD00567,PROD0146,3,1033,50,548.82,3597.82
ITEM01704,ORD00567,PROD0119,4,4240,50,3043.80,19953.80
ITEM01705,ORD00567,PROD0090,4,655,0,471.60,3091.60
ITEM01706,ORD00568,PROD0055,2,931,500,245.16,1607.16
ITEM01707,ORD00568,PROD0149,1,580,200,68.40,448.40
ITEM01708,ORD00569,PROD0170,3,1006,200,507.24,3325.24
ITEM01709,ORD00569,PROD0157,1,7976,100,1417.68,9293.68
ITEM01710,ORD00569,PROD0085,5,3566,50,3200.40,20980.40
ITEM01711,ORD00570,PROD0170,1,60,0,10.80,70.80
ITEM01712,ORD00570,PROD0063,1,4868,0,876.24,5744.24
ITEM01713,ORD00570,PROD0022,2,81014,200,29129.04,190957.04
ITEM01714,ORD00571,PROD0122,3,26130,200,14074.20,92264.20
ITEM01715,ORD00571,PROD0049,2,510,50,174.60,1144.60
ITEM01716,ORD00571,PROD0005,4,99100,100,71334.00,467634.00
ITEM01717,ORD00572,PROD0115,3,23993,50,12947.22,84876.22
ITEM01718,ORD00572,PROD0035,4,1123,200,772.56,5064.56
ITEM01719,ORD00572,PROD0099,4,21062,0,15164.64,99412.64
ITEM01720,ORD00572,PROD0152,4,14805,0,10659.60,69879.60
ITEM01721,ORD00572,PROD0087,4,2890,500,1990.80,13050.80
ITEM01722,ORD00573,PROD0146,1,784,0,141.12,925.12
ITEM01723,ORD00573,PROD0046,2,1286,50,453.96,2975.96
ITEM01724,ORD00573,PROD0099,5,33694,500,30234.60,198204.60
ITEM01725,ORD00573,PROD0171,2,9357,500,3278.52,21492.52
ITEM01726,ORD00574,PROD0148,1,454,50,72.72,476.72
ITEM01727,ORD00575,PROD0103,1,10505,100,1872.90,12277.90
ITEM01728,ORD00576,PROD0101,4,42019,0,30253.68,198329.68
ITEM01729,ORD00576,PROD0056,1,1124,100,184.32,1208.32
ITEM01730,ORD00576,PROD0017,1,13459,500,2332.62,15291.62
ITEM01731,ORD00576,PROD0039,5,1116,0,1004.40,6584.40
ITEM01732,ORD00576,PROD0170,3,1008,500,454.32,2978.32
ITEM01733,ORD00577,PROD0132,1,11904,100,2124.72,13928.72
ITEM01734,ORD00577,PROD0129,1,26976,200,4819.68,31595.68
ITEM01735,ORD00577,PROD0039,3,1381,200,709.74,4652.74
ITEM01736,ORD00578,PROD0097,1,17584,0,3165.12,20749.12
ITEM01737,ORD00578,PROD0068,1,2691,100,466.38,3057.38
ITEM01738,ORD00578,PROD0118,2,7576,50,2718.36,17820.36
ITEM01739,ORD00579,PROD0176,5,6471,500,5733.90,37588.90
ITEM01740,ORD00579,PROD0134,3,46047,200,24829.38,162770.38
ITEM01741,ORD00579,PROD0165,4,696,500,411.12,2695.12
ITEM01742,ORD00580,PROD0004,3,47016,500,25298.64,165846.64
ITEM01743,ORD00580,PROD0061,1,2572,0,462.96,3034.96
ITEM01744,ORD00580,PROD0177,3,5787,50,3115.98,20426.98
ITEM01745,ORD00581,PROD0140,5,47101,0,42390.90,277895.90
ITEM01746,ORD00582,PROD0166,2,983,0,353.88,2319.88
ITEM01747,ORD00583,PROD0069,5,4725,0,4252.50,27877.50
ITEM01748,ORD00583,PROD0062,2,3043,0,1095.48,7181.48
ITEM01749,ORD00583,PROD0086,1,4901,100,864.18,5665.18
ITEM01750,ORD00583,PROD0084,4,840,0,604.80,3964.80
ITEM01751,ORD00583,PROD0077,2,4472,200,1573.92,10317.92
ITEM01752,ORD00584,PROD0016,3,78510,50,42386.40,277866.40
ITEM01753,ORD00584,PROD0172,1,2022,0,363.96,2385.96
ITEM01754,ORD00585,PROD0119,4,6967,200,4980.24,32648.24
ITEM01755,ORD00585,PROD0014,5,95263,50,85727.70,561992.70
ITEM01756,ORD00585,PROD0020,3,6232,100,3347.28,21943.28
ITEM01757,ORD00586,PROD0128,2,4686,500,1596.96,10468.96
ITEM01758,ORD00586,PROD0145,1,731,0,131.58,862.58
ITEM01759,ORD00586,PROD0078,3,3379,200,1788.66,11725.66
ITEM01760,ORD00587,PROD0026,1,90242,50,16234.56,106426.56
ITEM01761,ORD00587,PROD0070,3,1328,100,699.12,4583.12
ITEM01762,ORD00587,PROD0056,5,933,0,839.70,5504.70
ITEM01763,ORD00587,PROD0049,3,80,0,43.20,283.20
ITEM01764,ORD00587,PROD0122,5,19939,0,17945.10,117640.10
ITEM01765,ORD00588,PROD0033,1,370,0,66.60,436.60
ITEM01766,ORD00588,PROD0078,3,3663,0,1978.02,12967.02
ITEM01767,ORD00588,PROD0127,3,9075,100,4882.50,32007.50
ITEM01768,ORD00588,PROD0174,5,4372,500,3844.80,25204.80
ITEM01769,ORD00588,PROD0056,5,225,0,202.50,1327.50
ITEM01770,ORD00589,PROD0093,5,32511,100,29241.90,191696.90
ITEM01771,ORD00590,PROD0169,5,563,0,506.70,3321.70
ITEM01772,ORD00590,PROD0082,4,3884,0,2796.48,18332.48
ITEM01773,ORD00590,PROD0066,1,528,0,95.04,623.04
ITEM01774,ORD00590,PROD0142,5,1191,200,1035.90,6790.90
ITEM01775,ORD00591,PROD0083,5,1362,500,1135.80,7445.80
ITEM01776,ORD00591,PROD0161,1,294,200,16.92,110.92
ITEM01777,ORD00591,PROD0079,2,4887,0,1759.32,11533.32
ITEM01778,ORD00591,PROD0158,5,7048,0,6343.20,41583.20
ITEM01779,ORD00592,PROD0124,4,36030,50,25932.60,170002.60
ITEM01780,ORD00592,PROD0072,3,3837,0,2071.98,13582.98
ITEM01781,ORD00592,PROD0175,4,7555,0,5439.60,35659.60
ITEM01782,ORD00592,PROD0177,5,4910,200,4383.00,28733.00
ITEM01783,ORD00593,PROD0043,2,908,100,308.88,2024.88
ITEM01784,ORD00593,PROD0129,1,1852,50,324.36,2126.36
ITEM01785,ORD00593,PROD0088,5,1056,500,860.40,5640.40
ITEM01786,ORD00593,PROD0095,5,8388,100,7531.20,49371.20
ITEM01787,ORD00593,PROD0171,3,11024,500,5862.96,38434.96
ITEM01788,ORD00594,PROD0166,5,90,0,81.00,531.00
ITEM01789,ORD00594,PROD0164,1,58,0,10.44,68.44
ITEM01790,ORD00594,PROD0073,3,4131,0,2230.74,14623.74
ITEM01791,ORD00594,PROD0051,4,408,200,257.76,1689.76
ITEM01792,ORD00595,PROD0005,1,37014,0,6662.52,43676.52
ITEM01793,ORD00595,PROD0055,2,1294,0,465.84,3053.84
ITEM01794,ORD00596,PROD0069,2,320,0,115.20,755.20
ITEM01795,ORD00596,PROD0094,1,32115,100,5762.70,37777.70
ITEM01796,ORD00596,PROD0089,1,2280,200,374.40,2454.40
ITEM01797,ORD00596,PROD0139,5,48183,500,43274.70,283689.70
ITEM01798,ORD00596,PROD0130,5,20365,0,18328.50,120153.50
ITEM01799,ORD00597,PROD0152,4,14056,500,10030.32,65754.32
ITEM01800,ORD00597,PROD0164,5,186,0,167.40,1097.40
ITEM01801,ORD00597,PROD0107,5,18853,100,16949.70,111114.70
ITEM01802,ORD00597,PROD0161,5,172,50,145.80,955.80
ITEM01803,ORD00598,PROD0016,3,15882,0,8576.28,56222.28
ITEM01804,ORD00598,PROD0032,2,59,500,0.00,0.00
ITEM01805,ORD00598,PROD0071,4,3939,0,2836.08,18592.08
ITEM01806,ORD00599,PROD0007,4,40483,200,29111.76,190843.76
ITEM01807,ORD00599,PROD0129,2,5737,0,2065.32,13539.32
ITEM01808,ORD00599,PROD0119,5,21335,0,19201.50,125876.50
ITEM01809,ORD00599,PROD0114,1,10495,500,1799.10,11794.10
ITEM01810,ORD00600,PROD0174,2,7350,0,2646.00,17346.00
ITEM01811,ORD00600,PROD0083,3,4844,200,2579.76,16911.76
ITEM01812,ORD00600,PROD0115,4,26464,0,19054.08,124910.08
ITEM01813,ORD00600,PROD0034,4,892,500,552.24,3620.24
ITEM01814,ORD00601,PROD0146,3,381,0,205.74,1348.74
ITEM01815,ORD00601,PROD0039,2,159,100,39.24,257.24
ITEM01816,ORD00601,PROD0136,5,35651,100,32067.90,210222.90
ITEM01817,ORD00601,PROD0151,1,4432,500,707.76,4639.76
ITEM01818,ORD00602,PROD0084,5,2480,50,2223.00,14573.00
ITEM01819,ORD00603,PROD0149,1,638,0,114.84,752.84
ITEM01820,ORD00603,PROD0084,5,4771,200,4257.90,27912.90
ITEM01821,ORD00603,PROD0151,2,9431,200,3359.16,22021.16
ITEM01822,ORD00603,PROD0086,5,1668,0,1501.20,9841.20
ITEM01823,ORD00604,PROD0163,4,999,200,683.28,4479.28
ITEM01824,ORD00604,PROD0005,3,8118,200,4347.72,28501.72
ITEM01825,ORD00605,PROD0173,3,6586,0,3556.44,23314.44
ITEM01826,ORD00605,PROD0118,3,43578,0,23532.12,154266.12
ITEM01827,ORD00605,PROD0117,4,20533,0,14783.76,96915.76
ITEM01828,ORD00605,PROD0071,4,2724,100,1943.28,12739.28
ITEM01829,ORD00605,PROD0096,4,1299,0,935.28,6131.28
ITEM01830,ORD00606,PROD0017,3,19089,0,10308.06,67575.06
ITEM01831,ORD00606,PROD0107,2,16951,200,6066.36,39768.36
ITEM01832,ORD00606,PROD0028,3,84839,100,45795.06,300212.06
ITEM01833,ORD00606,PROD0004,5,99334,0,89400.60,586070.60
ITEM01834,ORD00606,PROD0003,1,6708,100,1189.44,7797.44
ITEM01835,ORD00607,PROD0109,1,9809,50,1756.62,11515.62
ITEM01836,ORD00607,PROD0149,2,1192,200,393.12,2577.12
ITEM01837,ORD00607,PROD0163,1,256,50,37.08,243.08
ITEM01838,ORD00607,PROD0157,4,8441,200,6041.52,39605.52
ITEM01839,ORD00607,PROD0164,4,1183,0,851.76,5583.76
ITEM01840,ORD00608,PROD0016,1,42717,0,7689.06,50406.06
ITEM01841,ORD00608,PROD0166,5,887,50,789.30,5174.30
ITEM01842,ORD00608,PROD0068,2,4373,500,1484.28,9730.28
ITEM01843,ORD00608,PROD0089,1,3119,0,561.42,3680.42
ITEM01844,ORD00608,PROD0026,3,36968,100,19944.72,130748.72
ITEM01845,ORD00609,PROD0147,5,538,0,484.20,3174.20
ITEM01846,ORD00609,PROD0067,5,4019,0,3617.10,23712.10
ITEM01847,ORD00610,PROD0158,2,5005,0,1801.80,11811.80
ITEM01848,ORD00610,PROD0052,5,1268,200,1105.20,7245.20
ITEM01849,ORD00611,PROD0108,1,11974,500,2065.32,13539.32
ITEM01850,ORD00612,PROD0053,5,1441,50,1287.90,8442.90
ITEM01851,ORD00612,PROD0158,2,14786,100,5304.96,34776.96
ITEM01852,ORD00612,PROD0168,4,208,0,149.76,981.76
ITEM01853,ORD00612,PROD0017,3,74493,200,40190.22,263469.22
ITEM01854,ORD00612,PROD0122,3,53350,200,28773.00,188623.00
ITEM01855,ORD00613,PROD0127,3,49426,50,26681.04,174909.04
ITEM01856,ORD00613,PROD0175,4,2031,500,1372.32,8996.32
ITEM01857,ORD00613,PROD0152,2,6885,500,2388.60,15658.60
ITEM01858,ORD00613,PROD0133,1,12515,0,2252.70,14767.70
ITEM01859,ORD00613,PROD0075,3,354,100,173.16,1135.16
ITEM01860,ORD00614,PROD0174,3,10884,0,5877.36,38529.36
ITEM01861,ORD00614,PROD0034,3,150,0,81.00,531.00
ITEM01862,ORD00615,PROD0042,5,1132,500,928.80,6088.80
ITEM01863,ORD00615,PROD0129,5,47275,0,42547.50,278922.50
ITEM01864,ORD00615,PROD0014,2,56528,50,20341.08,133347.08
ITEM01865,ORD00615,PROD0079,3,424,500,138.96,910.96
ITEM01866,ORD00615,PROD0059,1,441,0,79.38,520.38
ITEM01867,ORD00616,PROD0001,1,102012,0,18362.16,120374.16
ITEM01868,ORD00616,PROD0009,2,44338,0,15961.68,104637.68
ITEM01869,ORD00616,PROD0006,5,97808,50,88018.20,577008.20
ITEM01870,ORD00617,PROD0059,2,1484,0,534.24,3502.24
ITEM01871,ORD00617,PROD0142,3,1397,0,754.38,4945.38
ITEM01872,ORD00617,PROD0143,4,898,500,556.56,3648.56
ITEM01873,ORD00617,PROD0021,5,51107,0,45996.30,301531.30
ITEM01874,ORD00618,PROD0017,3,62176,100,33557.04,219985.04
ITEM01875,ORD00619,PROD0145,5,744,50,660.60,4330.60
ITEM01876,ORD00619,PROD0169,3,798,0,430.92,2824.92
ITEM01877,ORD00619,PROD0043,1,612,200,74.16,486.16
ITEM01878,ORD00619,PROD0014,5,88869,0,79982.10,524327.10
ITEM01879,ORD00619,PROD0175,2,252,0,90.72,594.72
ITEM01880,ORD00620,PROD0043,3,423,0,228.42,1497.42
ITEM01881,ORD00620,PROD0058,3,503,0,271.62,1780.62
ITEM01882,ORD00620,PROD0125,1,6937,500,1158.66,7595.66
ITEM01883,ORD00620,PROD0084,2,3722,0,1339.92,8783.92
ITEM01884,ORD00621,PROD0133,2,29509,200,10587.24,69405.24
ITEM01885,ORD00621,PROD0103,2,23676,0,8523.36,55875.36
ITEM01886,ORD00621,PROD0046,4,1029,200,704.88,4620.88
ITEM01887,ORD00621,PROD0084,5,3549,0,3194.10,20939.10
ITEM01888,ORD00621,PROD0052,3,131,500,0.00,0.00
ITEM01889,ORD00622,PROD0178,5,8757,100,7863.30,51548.30
ITEM01890,ORD00622,PROD0100,1,8646,100,1538.28,10084.28
ITEM01891,ORD00622,PROD0083,5,439,0,395.10,2590.10
ITEM01892,ORD00622,PROD0169,2,354,0,127.44,835.44
ITEM01893,ORD00622,PROD0067,1,3623,0,652.14,4275.14
ITEM01894,ORD00623,PROD0161,3,101,0,54.54,357.54
ITEM01895,ORD00623,PROD0050,5,991,500,801.90,5256.90
ITEM01896,ORD00623,PROD0130,1,31076,50,5584.68,36610.68
ITEM01897,ORD00624,PROD0065,5,4919,200,4391.10,28786.10
ITEM01898,ORD00625,PROD0090,5,938,100,826.20,5416.20
ITEM01899,ORD00625,PROD0152,1,4597,100,809.46,5306.46
ITEM01900,ORD00625,PROD0066,2,4894,0,1761.84,11549.84
ITEM01901,ORD00626,PROD0004,2,47224,50,16991.64,111389.64
ITEM01902,ORD00626,PROD0030,3,51222,200,27623.88,181089.88
ITEM01903,ORD00627,PROD0014,4,38326,200,27558.72,180662.72
ITEM01904,ORD00627,PROD0149,4,592,0,426.24,2794.24
ITEM01905,ORD00627,PROD0140,5,43992,0,39592.80,259552.80
ITEM01906,ORD00627,PROD0099,4,43576,100,31356.72,205560.72
ITEM01907,ORD00628,PROD0122,3,54973,0,29685.42,194604.42
ITEM01908,ORD00628,PROD0062,4,4774,100,3419.28,22415.28
ITEM01909,ORD00628,PROD0074,2,3000,0,1080.00,7080.00
ITEM01910,ORD00628,PROD0145,4,1205,0,867.60,5687.60
ITEM01911,ORD00629,PROD0171,3,6950,0,3753.00,24603.00
ITEM01912,ORD00630,PROD0146,1,1192,500,124.56,816.56
ITEM01913,ORD00630,PROD0009,1,101335,100,18222.30,119457.30
ITEM01914,ORD00630,PROD0097,3,8989,0,4854.06,31821.06
ITEM01915,ORD00630,PROD0062,3,1126,200,572.04,3750.04
ITEM01916,ORD00631,PROD0043,3,1058,50,562.32,3686.32
ITEM01917,ORD00631,PROD0161,4,1118,500,714.96,4686.96
ITEM01918,ORD00631,PROD0027,5,91614,50,82443.60,540463.60
ITEM01919,ORD00631,PROD0122,5,7899,500,7019.10,46014.10
ITEM01920,ORD00632,PROD0039,4,969,500,607.68,3983.68
ITEM01921,ORD00632,PROD0111,4,4061,50,2914.92,19108.92
ITEM01922,ORD00632,PROD0088,3,2126,100,1130.04,7408.04
ITEM01923,ORD00632,PROD0091,2,36954,50,13294.44,87152.44
ITEM01924,ORD00632,PROD0074,3,1420,100,748.80,4908.80
ITEM01925,ORD00633,PROD0131,2,17645,0,6352.20,41642.20
ITEM01926,ORD00633,PROD0164,2,738,0,265.68,1741.68
ITEM01927,ORD00633,PROD0059,2,814,0,293.04,1921.04
ITEM01928,ORD00633,PROD0115,5,6076,0,5468.40,35848.40
ITEM01929,ORD00634,PROD0118,2,30818,0,11094.48,72730.48
ITEM01930,ORD00634,PROD0068,3,3732,0,2015.28,13211.28
ITEM01931,ORD00634,PROD0015,4,58941,50,42428.52,278142.52
ITEM01932,ORD00634,PROD0131,3,43888,500,23609.52,154773.52
ITEM01933,ORD00635,PROD0159,2,3464,0,1247.04,8175.04
ITEM01934,ORD00636,PROD0028,4,40809,0,29382.48,192618.48
ITEM01935,ORD00637,PROD0168,3,1062,0,573.48,3759.48
ITEM01936,ORD00637,PROD0092,5,20980,50,18873.00,123723.00
ITEM01937,ORD00638,PROD0165,5,644,500,489.60,3209.60
ITEM01938,ORD00638,PROD0108,1,36760,200,6580.80,43140.80
ITEM01939,ORD00638,PROD0115,2,38980,200,13996.80,91756.80
ITEM01940,ORD00638,PROD0170,2,92,100,15.12,99.12
ITEM01941,ORD00639,PROD0002,4,7172,100,5145.84,33733.84
ITEM01942,ORD00639,PROD0061,4,864,0,622.08,4078.08
ITEM01943,ORD00640,PROD0081,2,1985,200,678.60,4448.60
ITEM01944,ORD00641,PROD0101,1,36194,0,6514.92,42708.92
ITEM01945,ORD00641,PROD0126,4,14244,50,10246.68,67172.68
ITEM01946,ORD00641,PROD0015,5,45801,200,41184.90,269989.90
ITEM01947,ORD00641,PROD0076,1,3013,100,524.34,3437.34
ITEM01948,ORD00641,PROD0011,5,68422,0,61579.80,403689.80
ITEM01949,ORD00642,PROD0141,1,1362,100,227.16,1489.16
ITEM01950,ORD00642,PROD0050,2,582,0,209.52,1373.52
ITEM01951,ORD00642,PROD0144,1,1156,0,208.08,1364.08
ITEM01952,ORD00642,PROD0114,3,4928,200,2625.12,17209.12
ITEM01953,ORD00642,PROD0104,3,13177,50,7106.58,46587.58
ITEM01954,ORD00643,PROD0081,5,4684,200,4179.60,27399.60
ITEM01955,ORD00643,PROD0166,5,819,0,737.10,4832.10
ITEM01956,ORD00643,PROD0158,2,13553,100,4861.08,31867.08
ITEM01957,ORD00643,PROD0083,3,4900,0,2646.00,17346.00
ITEM01958,ORD00643,PROD0113,1,1516,0,272.88,1788.88
ITEM01959,ORD00644,PROD0088,5,1314,200,1146.60,7516.60
ITEM01960,ORD00644,PROD0163,1,397,0,71.46,468.46
ITEM01961,ORD00644,PROD0178,2,9804,500,3439.44,22547.44
ITEM01962,ORD00644,PROD0134,1,41319,100,7419.42,48638.42
ITEM01963,ORD00644,PROD0093,5,6985,200,6250.50,40975.50
ITEM01964,ORD00645,PROD0064,3,4185,0,2259.90,14814.90
ITEM01965,ORD00645,PROD0029,5,31826,0,28643.40,187773.40
ITEM01966,ORD00645,PROD0180,5,8055,0,7249.50,47524.50
ITEM01967,ORD00646,PROD0167,5,1053,100,929.70,6094.70
ITEM01968,ORD00646,PROD0027,3,99210,0,53573.40,351203.40
ITEM01969,ORD00646,PROD0139,1,38894,200,6964.92,45658.92
ITEM01970,ORD00647,PROD0168,1,781,0,140.58,921.58
ITEM01971,ORD00648,PROD0175,1,8307,0,1495.26,9802.26
ITEM01972,ORD00648,PROD0108,1,10379,0,1868.22,12247.22
ITEM01973,ORD00648,PROD0176,5,10801,0,9720.90,63725.90
ITEM01974,ORD00649,PROD0086,2,1684,200,570.24,3738.24
ITEM01975,ORD00650,PROD0017,1,86358,500,15454.44,101312.44
ITEM01976,ORD00650,PROD0028,2,10844,0,3903.84,25591.84
ITEM01977,ORD00650,PROD0162,4,1167,200,804.24,5272.24
ITEM01978,ORD00650,PROD0046,4,589,200,388.08,2544.08
ITEM01979,ORD00651,PROD0110,1,22716,500,3998.88,26214.88
ITEM01980,ORD00651,PROD0102,3,26731,200,14398.74,94391.74
ITEM01981,ORD00651,PROD0023,1,52954,0,9531.72,62485.72
ITEM01982,ORD00652,PROD0092,4,44825,50,32265.00,211515.00
ITEM01983,ORD00652,PROD0172,2,7855,50,2818.80,18478.80
ITEM01984,ORD00652,PROD0156,4,5626,200,4014.72,26318.72
ITEM01985,ORD00652,PROD0023,1,115693,0,20824.74,136517.74
ITEM01986,ORD00652,PROD0139,5,47832,0,43048.80,282208.80
ITEM01987,ORD00653,PROD0145,5,1363,0,1226.70,8041.70
ITEM01988,ORD00653,PROD0092,2,15337,200,5485.32,35959.32
ITEM01989,ORD00653,PROD0096,1,3346,0,602.28,3948.28
ITEM01990,ORD00653,PROD0127,5,52507,0,47256.30,309791.30
ITEM01991,ORD00654,PROD0019,5,38088,200,34243.20,224483.20
ITEM01992,ORD00655,PROD0059,1,296,500,0.00,0.00
ITEM01993,ORD00655,PROD0105,1,28879,0,5198.22,34077.22
ITEM01994,ORD00655,PROD0038,4,406,100,274.32,1798.32
ITEM01995,ORD00655,PROD0034,4,915,0,658.80,4318.80
ITEM01996,ORD00655,PROD0097,2,22605,50,8128.80,53288.80
ITEM01997,ORD00656,PROD0139,3,12817,500,6831.18,44782.18
ITEM01998,ORD00656,PROD0140,3,39698,0,21436.92,140530.92
ITEM01999,ORD00656,PROD0132,5,45180,50,40653.00,266503.00
ITEM02000,ORD00657,PROD0138,5,15844,0,14259.60,93479.60
ITEM02001,ORD00657,PROD0167,5,95,50,76.50,501.50
ITEM02002,ORD00657,PROD0154,5,4076,200,3632.40,23812.40
ITEM02003,ORD00658,PROD0018,2,50638,50,18220.68,119446.68
ITEM02004,ORD00659,PROD0124,3,10321,500,5483.34,35946.34
ITEM02005,ORD00659,PROD0153,5,3478,200,3094.20,20284.20
ITEM02006,ORD00659,PROD0180,2,1096,0,394.56,2586.56
ITEM02007,ORD00659,PROD0148,2,1187,0,427.32,2801.32
ITEM02008,ORD00660,PROD0137,3,31500,50,17001.00,111451.00
ITEM02009,ORD00660,PROD0077,2,3055,0,1099.80,7209.80
ITEM02010,ORD00660,PROD0021,4,81131,0,58414.32,382938.32
ITEM02011,ORD00661,PROD0109,2,39380,0,14176.80,92936.80
ITEM02012,ORD00662,PROD0116,1,41531,500,7385.58,48416.58
ITEM02013,ORD00662,PROD0064,1,4378,0,788.04,5166.04
ITEM02014,ORD00662,PROD0160,5,14035,200,12595.50,82570.50
ITEM02015,ORD00663,PROD0004,3,83327,0,44996.58,294977.58
ITEM02016,ORD00664,PROD0110,1,15852,200,2817.36,18469.36
ITEM02017,ORD00664,PROD0112,5,26798,0,24118.20,158108.20
ITEM02018,ORD00664,PROD0010,3,96446,0,52080.84,341418.84
ITEM02019,ORD00665,PROD0004,4,68257,0,49145.04,322173.04
ITEM02020,ORD00665,PROD0161,2,713,50,247.68,1623.68
ITEM02021,ORD00666,PROD0171,1,1177,0,211.86,1388.86
ITEM02022,ORD00666,PROD0039,3,1401,0,756.54,4959.54
ITEM02023,ORD00667,PROD0083,3,4371,0,2360.34,15473.34
ITEM02024,ORD00667,PROD0120,1,29789,0,5362.02,35151.02
ITEM02025,ORD00668,PROD0148,1,817,0,147.06,964.06
ITEM02026,ORD00668,PROD0125,2,18750,0,6750.00,44250.00
ITEM02027,ORD00668,PROD0105,5,43489,500,39050.10,255995.10
ITEM02028,ORD00669,PROD0135,4,30237,0,21770.64,142718.64
ITEM02029,ORD00669,PROD0138,1,4480,0,806.40,5286.40
ITEM02030,ORD00670,PROD0160,4,11555,500,8229.60,53949.60
ITEM02031,ORD00670,PROD0014,2,108190,200,38912.40,255092.40
ITEM02032,ORD00670,PROD0072,3,2850,50,1530.00,10030.00
ITEM02033,ORD00670,PROD0051,3,1109,0,598.86,3925.86
ITEM02034,ORD00671,PROD0056,1,1030,0,185.40,1215.40
ITEM02035,ORD00672,PROD0075,4,3735,0,2689.20,17629.20
ITEM02036,ORD00672,PROD0130,3,32340,500,17373.60,113893.60
ITEM02037,ORD00672,PROD0115,3,32802,0,17713.08,116119.08
ITEM02038,ORD00672,PROD0140,3,58000,500,31230.00,204730.00
ITEM02039,ORD00672,PROD0008,2,115003,100,41383.08,271289.08
ITEM02040,ORD00673,PROD0055,5,633,0,569.70,3734.70
ITEM02041,ORD00674,PROD0131,3,46612,0,25170.48,165006.48
ITEM02042,ORD00674,PROD0061,1,3838,0,690.84,4528.84
ITEM02043,ORD00674,PROD0116,4,17265,50,12421.80,81431.80
ITEM02044,ORD00674,PROD0120,4,31084,0,22380.48,146716.48
ITEM02045,ORD00674,PROD0052,3,1247,0,673.38,4414.38
ITEM02046,ORD00675,PROD0002,5,43670,200,39267.00,257417.00
ITEM02047,ORD00675,PROD0074,5,1711,0,1539.90,10094.90
ITEM02048,ORD00675,PROD0157,5,3916,200,3488.40,22868.40
ITEM02049,ORD00676,PROD0162,4,476,0,342.72,2246.72
ITEM02050,ORD00676,PROD0045,1,1030,0,185.40,1215.40
ITEM02051,ORD00676,PROD0053,2,576,50,198.36,1300.36
ITEM02052,ORD00676,PROD0083,4,4298,0,3094.56,20286.56
ITEM02053,ORD00676,PROD0144,1,440,100,61.20,401.20
ITEM02054,ORD00677,PROD0098,2,8142,100,2913.12,19097.12
ITEM02055,ORD00677,PROD0049,2,1445,0,520.20,3410.20
ITEM02056,ORD00677,PROD0060,5,844,500,669.60,4389.60
ITEM02057,ORD00677,PROD0072,2,2285,500,732.60,4802.60
ITEM02058,ORD00677,PROD0085,5,3513,50,3152.70,20667.70
ITEM02059,ORD00678,PROD0065,4,3982,500,2777.04,18205.04
ITEM02060,ORD00678,PROD0155,5,8968,100,8053.20,52793.20
ITEM02061,ORD00678,PROD0043,5,877,100,771.30,5056.30
ITEM02062,ORD00679,PROD0113,4,3386,200,2401.92,15745.92
ITEM02063,ORD00680,PROD0093,3,23444,0,12659.76,82991.76
ITEM02064,ORD00680,PROD0099,5,16715,200,15007.50,98382.50
ITEM02065,ORD00680,PROD0012,1,110825,0,19948.50,130773.50
ITEM02066,ORD00680,PROD0006,5,105756,0,95180.40,623960.40
ITEM02067,ORD00680,PROD0142,2,557,50,191.52,1255.52
ITEM02068,ORD00681,PROD0016,1,6835,0,1230.30,8065.30
ITEM02069,ORD00681,PROD0088,1,664,500,29.52,193.52
ITEM02070,ORD00681,PROD0138,3,55324,0,29874.96,195846.96
ITEM02071,ORD00681,PROD0118,1,39067,0,7032.06,46099.06
ITEM02072,ORD00682,PROD0100,2,31471,0,11329.56,74271.56
ITEM02073,ORD00682,PROD0081,4,4833,200,3443.76,22575.76
ITEM02074,ORD00682,PROD0012,4,103619,100,74587.68,488963.68
ITEM02075,ORD00683,PROD0075,2,1973,100,692.28,4538.28
ITEM02076,ORD00683,PROD0077,2,4034,100,1434.24,9402.24
ITEM02077,ORD00683,PROD0158,1,1499,500,179.82,1178.82
ITEM02078,ORD00683,PROD0068,5,2274,0,2046.60,13416.60
ITEM02079,ORD00683,PROD0118,4,21986,0,15829.92,103773.92
ITEM02080,ORD00684,PROD0010,3,86580,50,46744.20,306434.20
ITEM02081,ORD00684,PROD0041,3,1202,200,613.08,4019.08
ITEM02082,ORD00684,PROD0150,5,1282,200,1117.80,7327.80
ITEM02083,ORD00684,PROD0054,3,384,50,198.36,1300.36
ITEM02084,ORD00685,PROD0105,3,7097,0,3832.38,25123.38
ITEM02085,ORD00685,PROD0112,4,42734,0,30768.48,201704.48
ITEM02086,ORD00686,PROD0164,3,348,50,178.92,1172.92
ITEM02087,ORD00687,PROD0156,3,13628,0,7359.12,48243.12
ITEM02088,ORD00688,PROD0100,4,31457,500,22559.04,147887.04
ITEM02089,ORD00688,PROD0089,2,4032,0,1451.52,9515.52
ITEM02090,ORD00689,PROD0144,3,806,50,426.24,2794.24
ITEM02091,ORD00690,PROD0069,2,1484,0,534.24,3502.24
ITEM02092,ORD00691,PROD0096,4,24477,0,17623.44,115531.44
ITEM02093,ORD00691,PROD0062,3,2452,0,1324.08,8680.08
ITEM02094,ORD00691,PROD0165,3,204,0,110.16,722.16
ITEM02095,ORD00692,PROD0133,2,55505,0,19981.80,130991.80
ITEM02096,ORD00692,PROD0140,5,20444,0,18399.60,120619.60
ITEM02097,ORD00692,PROD0087,4,3090,500,2134.80,13994.80
ITEM02098,ORD00692,PROD0143,4,403,50,281.16,1843.16
ITEM02099,ORD00692,PROD0135,4,1932,0,1391.04,9119.04
ITEM02100,ORD00693,PROD0163,4,662,200,440.64,2888.64
ITEM02101,ORD00693,PROD0131,4,35764,500,25660.08,168216.08
ITEM02102,ORD00693,PROD0154,4,2888,50,2070.36,13572.36
ITEM02103,ORD00693,PROD0020,5,89985,100,80968.50,530793.50
ITEM02104,ORD00693,PROD0053,2,1208,0,434.88,2850.88
ITEM02105,ORD00694,PROD0079,4,327,0,235.44,1543.44
ITEM02106,ORD00695,PROD0074,4,3087,200,2186.64,14334.64
ITEM02107,ORD00695,PROD0170,5,447,0,402.30,2637.30
ITEM02108,ORD00695,PROD0115,2,10263,0,3694.68,24220.68
ITEM02109,ORD00695,PROD0152,2,5417,500,1860.12,12194.12
ITEM02110,ORD00696,PROD0054,2,612,0,220.32,1444.32
ITEM02111,ORD00697,PROD0158,4,14714,50,10585.08,69391.08
ITEM02112,ORD00698,PROD0052,3,126,0,68.04,446.04
ITEM02113,ORD00698,PROD0116,5,21097,50,18978.30,124413.30
ITEM02114,ORD00698,PROD0077,3,1179,0,636.66,4173.66
ITEM02115,ORD00699,PROD0159,3,3276,50,1760.04,11538.04
ITEM02116,ORD00699,PROD0093,1,25440,0,4579.20,30019.20
ITEM02117,ORD00700,PROD0113,5,35562,0,32005.80,209815.80
ITEM02118,ORD00700,PROD0078,3,3179,0,1716.66,11253.66
ITEM02119,ORD00700,PROD0067,3,1118,100,585.72,3839.72
ITEM02120,ORD00701,PROD0050,5,908,0,817.20,5357.20
ITEM02121,ORD00702,PROD0010,1,56067,0,10092.06,66159.06
ITEM02122,ORD00702,PROD0049,4,658,200,437.76,2869.76
ITEM02123,ORD00702,PROD0041,5,738,50,655.20,4295.20
ITEM02124,ORD00702,PROD0056,1,522,0,93.96,615.96
ITEM02125,ORD00703,PROD0120,2,36745,100,13210.20,86600.20
ITEM02126,ORD00703,PROD0040,4,150,50,99.00,649.00
ITEM02127,ORD00703,PROD0139,5,26525,0,23872.50,156497.50
ITEM02128,ORD00703,PROD0074,2,882,0,317.52,2081.52
ITEM02129,ORD00704,PROD0050,2,398,100,125.28,821.28
ITEM02130,ORD00705,PROD0024,1,67215,200,12062.70,79077.70
ITEM02131,ORD00705,PROD0094,1,26151,200,4671.18,30622.18
ITEM02132,ORD00705,PROD0071,4,1641,100,1163.52,7627.52
ITEM02133,ORD00705,PROD0122,5,19641,200,17640.90,115645.90
ITEM02134,ORD00705,PROD0124,4,31629,50,22763.88,149229.88
ITEM02135,ORD00706,PROD0136,4,45661,200,32839.92,215283.92
ITEM02136,ORD00706,PROD0103,5,6209,200,5552.10,36397.10
ITEM02137,ORD00706,PROD0034,5,1097,0,987.30,6472.30
ITEM02138,ORD00707,PROD0146,5,1304,500,1083.60,7103.60
ITEM02139,ORD00707,PROD0132,4,40221,0,28959.12,189843.12
ITEM02140,ORD00707,PROD0015,1,17188,0,3093.84,20281.84
ITEM02141,ORD00707,PROD0006,5,107998,50,97189.20,637129.20
ITEM02142,ORD00708,PROD0055,4,1457,50,1040.04,6818.04
ITEM02143,ORD00708,PROD0152,2,12342,100,4425.12,29009.12
ITEM02144,ORD00708,PROD0044,1,992,0,178.56,1170.56
ITEM02145,ORD00708,PROD0125,1,11076,500,1903.68,12479.68
ITEM02146,ORD00708,PROD0032,1,429,0,77.22,506.22
ITEM02147,ORD00709,PROD0175,2,7352,200,2610.72,17114.72
ITEM02148,ORD00709,PROD0109,5,14919,200,13391.10,87786.10
ITEM02149,ORD00709,PROD0122,1,30696,0,5525.28,36221.28
ITEM02150,ORD00709,PROD0097,1,43358,50,7795.44,51103.44
ITEM02151,ORD00709,PROD0084,3,372,200,164.88,1080.88
ITEM02152,ORD00710,PROD0088,5,4738,100,4246.20,27836.20
ITEM02153,ORD00711,PROD0155,1,5205,200,900.90,5905.90
ITEM02154,ORD00711,PROD0075,1,1817,0,327.06,2144.06
ITEM02155,ORD00711,PROD0132,4,15223,100,10942.56,71734.56
ITEM02156,ORD00712,PROD0085,2,4459,200,1569.24,10287.24
ITEM02157,ORD00712,PROD0129,1,45704,0,8226.72,53930.72
ITEM02158,ORD00712,PROD0104,4,2104,100,1496.88,9812.88
ITEM02159,ORD00712,PROD0111,3,42687,500,22960.98,150521.98
ITEM02160,ORD00712,PROD0176,2,10538,0,3793.68,24869.68
ITEM02161,ORD00713,PROD0047,3,1371,0,740.34,4853.34
ITEM02162,ORD00713,PROD0054,5,304,0,273.60,1793.60
ITEM02163,ORD00714,PROD0107,2,10925,100,3915.00,25665.00
ITEM02164,ORD00714,PROD0101,5,35768,200,32155.20,210795.20
ITEM02165,ORD00714,PROD0134,4,59463,200,42777.36,280429.36
ITEM02166,ORD00714,PROD0066,5,3969,500,3482.10,22827.10
ITEM02167,ORD00714,PROD0012,4,18119,100,13027.68,85403.68
ITEM02168,ORD00715,PROD0069,1,2436,50,429.48,2815.48
ITEM02169,ORD00715,PROD0163,4,98,0,70.56,462.56
ITEM02170,ORD00716,PROD0134,1,5864,200,1019.52,6683.52
ITEM02171,ORD00716,PROD0126,2,3584,100,1272.24,8340.24
ITEM02172,ORD00717,PROD0025,5,111384,0,100245.60,657165.60
ITEM02173,ORD00717,PROD0149,4,1319,100,931.68,6107.68
ITEM02174,ORD00717,PROD0114,3,20928,0,11301.12,74085.12
ITEM02175,ORD00717,PROD0174,2,5455,50,1954.80,12814.80
ITEM02176,ORD00718,PROD0101,1,1889,0,340.02,2229.02
ITEM02177,ORD00718,PROD0091,1,36757,500,6526.26,42783.26
ITEM02178,ORD00718,PROD0082,3,1914,50,1024.56,6716.56
ITEM02179,ORD00718,PROD0131,1,44158,50,7939.44,52047.44
ITEM02180,ORD00719,PROD0099,2,4588,50,1642.68,10768.68
ITEM02181,ORD00719,PROD0119,2,42343,500,15153.48,99339.48
ITEM02182,ORD00719,PROD0158,1,3829,50,680.22,4459.22
ITEM02183,ORD00719,PROD0090,3,2997,0,1618.38,10609.38
ITEM02184,ORD00720,PROD0100,4,20772,200,14919.84,97807.84
ITEM02185,ORD00720,PROD0018,4,109548,500,78784.56,516476.56
ITEM02186,ORD00720,PROD0024,5,96782,50,87094.80,570954.80
ITEM02187,ORD00721,PROD0115,4,7445,200,5324.40,34904.40
ITEM02188,ORD00721,PROD0162,2,1134,100,390.24,2558.24
ITEM02189,ORD00721,PROD0034,1,1410,0,253.80,1663.80
ITEM02190,ORD00721,PROD0171,1,151,0,27.18,178.18
ITEM02191,ORD00722,PROD0010,4,33506,200,24088.32,157912.32
ITEM02192,ORD00722,PROD0178,4,7490,0,5392.80,35352.80
ITEM02193,ORD00722,PROD0075,3,4863,0,2626.02,17215.02
ITEM02194,ORD00722,PROD0136,5,40920,0,36828.00,241428.00
ITEM02195,ORD00723,PROD0029,1,116888,200,21003.84,137691.84
ITEM02196,ORD00723,PROD0079,1,4699,50,836.82,5485.82
ITEM02197,ORD00723,PROD0122,5,36168,50,32542.20,213332.20
ITEM02198,ORD00723,PROD0001,4,31759,50,22857.48,149843.48
ITEM02199,ORD00723,PROD0143,1,1082,0,194.76,1276.76
ITEM02200,ORD00724,PROD0009,1,76201,200,13680.18,89681.18
ITEM02201,ORD00725,PROD0082,2,2182,0,785.52,5149.52
ITEM02202,ORD00726,PROD0017,4,52531,0,37822.32,247946.32
ITEM02203,ORD00726,PROD0136,1,45326,200,8122.68,53248.68
ITEM02204,ORD00726,PROD0090,5,2768,0,2491.20,16331.20
ITEM02205,ORD00726,PROD0052,1,1332,0,239.76,1571.76
ITEM02206,ORD00726,PROD0139,2,3042,0,1095.12,7179.12
ITEM02207,ORD00727,PROD0001,3,56898,200,30688.92,201182.92
ITEM02208,ORD00727,PROD0093,5,42709,100,38420.10,251865.10
ITEM02209,ORD00727,PROD0027,2,54037,100,19435.32,127409.32
ITEM02210,ORD00728,PROD0067,5,2821,500,2448.90,16053.90
ITEM02211,ORD00728,PROD0015,4,116393,0,83802.96,549374.96
ITEM02212,ORD00729,PROD0171,1,4971,0,894.78,5865.78
ITEM02213,ORD00729,PROD0132,5,10730,0,9657.00,63307.00
ITEM02214,ORD00729,PROD0165,4,861,100,601.92,3945.92
ITEM02215,ORD00729,PROD0088,3,1214,50,646.56,4238.56
ITEM02216,ORD00730,PROD0068,1,2507,200,415.26,2722.26
ITEM02217,ORD00730,PROD0024,1,89747,100,16136.46,105783.46
ITEM02218,ORD00730,PROD0035,2,739,100,248.04,1626.04
ITEM02219,ORD00730,PROD0148,3,1229,0,663.66,4350.66
ITEM02220,ORD00731,PROD0066,2,3510,500,1173.60,7693.60
ITEM02221,ORD00731,PROD0086,4,2042,0,1470.24,9638.24
ITEM02222,ORD00731,PROD0025,2,75357,0,27128.52,177842.52
ITEM02223,ORD00732,PROD0121,3,5896,0,3183.84,20871.84
ITEM02224,ORD00732,PROD0159,1,562,0,101.16,663.16
ITEM02225,ORD00732,PROD0078,3,1153,0,622.62,4081.62
ITEM02226,ORD00733,PROD0180,4,6650,100,4770.00,31270.00
ITEM02227,ORD00733,PROD0043,2,1251,500,360.36,2362.36
ITEM02228,ORD00734,PROD0038,2,1272,100,439.92,2883.92
ITEM02229,ORD00735,PROD0072,2,3263,500,1084.68,7110.68
ITEM02230,ORD00736,PROD0045,1,1062,100,173.16,1135.16
ITEM02231,ORD00736,PROD0126,5,2739,50,2456.10,16101.10
ITEM02232,ORD00736,PROD0134,1,34654,0,6237.72,40891.72
ITEM02233,ORD00736,PROD0113,5,16342,200,14671.80,96181.80
ITEM02234,ORD00736,PROD0042,5,355,100,301.50,1976.50
ITEM02235,ORD00737,PROD0168,3,1200,100,630.00,4130.00
ITEM02236,ORD00737,PROD0089,5,3672,200,3268.80,21428.80
ITEM02237,ORD00737,PROD0140,3,40534,0,21888.36,143490.36
ITEM02238,ORD00737,PROD0005,4,71333,50,51350.76,336632.76
ITEM02239,ORD00738,PROD0010,2,13423,0,4832.28,31678.28
ITEM02240,ORD00739,PROD0146,3,366,100,179.64,1177.64
ITEM02241,ORD00739,PROD0072,2,457,0,164.52,1078.52
ITEM02242,ORD00739,PROD0027,3,8779,200,4704.66,30841.66
ITEM02243,ORD00739,PROD0119,5,18009,0,16208.10,106253.10
ITEM02244,ORD00740,PROD0047,1,1409,0,253.62,1662.62
ITEM02245,ORD00740,PROD0049,2,98,500,0.00,0.00
ITEM02246,ORD00741,PROD0160,4,478,500,254.16,1666.16
ITEM02247,ORD00741,PROD0074,5,945,0,850.50,5575.50
ITEM02248,ORD00741,PROD0094,1,2607,50,460.26,3017.26
ITEM02249,ORD00742,PROD0160,3,11458,0,6187.32,40561.32
ITEM02250,ORD00742,PROD0047,4,519,0,373.68,2449.68
ITEM02251,ORD00742,PROD0013,4,41028,500,29450.16,193062.16
ITEM02252,ORD00743,PROD0107,3,38657,0,20874.78,136845.78
ITEM02253,ORD00744,PROD0166,1,299,0,53.82,352.82
ITEM02254,ORD00744,PROD0021,4,13704,50,9857.88,64623.88
ITEM02255,ORD00745,PROD0062,3,663,0,358.02,2347.02
ITEM02256,ORD00745,PROD0002,4,101600,0,73152.00,479552.00
ITEM02257,ORD00745,PROD0154,2,10898,500,3833.28,25129.28
ITEM02258,ORD00745,PROD0111,5,38643,50,34769.70,227934.70
ITEM02259,ORD00746,PROD0061,3,3468,100,1854.72,12158.72
ITEM02260,ORD00746,PROD0005,5,58586,0,52727.40,345657.40
ITEM02261,ORD00746,PROD0002,4,111057,0,79961.04,524189.04
ITEM02262,ORD00747,PROD0053,1,435,0,78.30,513.30
ITEM02263,ORD00747,PROD0024,2,11196,0,4030.56,26422.56
ITEM02264,ORD00747,PROD0110,3,35784,500,19233.36,126085.36
ITEM02265,ORD00747,PROD0131,2,14870,50,5344.20,35034.20
ITEM02266,ORD00748,PROD0077,1,457,100,64.26,421.26
ITEM02267,ORD00748,PROD0109,3,4801,0,2592.54,16995.54
ITEM02268,ORD00748,PROD0162,2,195,50,61.20,401.20
ITEM02269,ORD00748,PROD0009,2,101482,500,36443.52,238907.52
ITEM02270,ORD00748,PROD0122,2,33197,0,11950.92,78344.92
ITEM02271,ORD00749,PROD0062,1,3067,0,552.06,3619.06
ITEM02272,ORD00749,PROD0164,3,109,0,58.86,385.86
ITEM02273,ORD00749,PROD0053,2,1397,100,484.92,3178.92
ITEM02274,ORD00749,PROD0175,5,8419,200,7541.10,49436.10
ITEM02275,ORD00750,PROD0042,4,721,0,519.12,3403.12
ITEM02276,ORD00750,PROD0018,1,60170,500,10740.60,70410.60
ITEM02277,ORD00750,PROD0126,5,15882,0,14293.80,93703.80
ITEM02278,ORD00750,PROD0084,3,3706,200,1965.24,12883.24
ITEM02279,ORD00750,PROD0101,3,44666,200,24083.64,157881.64
ITEM02280,ORD00751,PROD0098,3,39478,0,21318.12,139752.12
ITEM02281,ORD00751,PROD0011,2,71715,0,25817.40,169247.40
ITEM02282,ORD00751,PROD0179,2,1469,200,492.84,3230.84
ITEM02283,ORD00751,PROD0174,1,7447,200,1304.46,8551.46
ITEM02284,ORD00752,PROD0180,1,6769,50,1209.42,7928.42
ITEM02285,ORD00752,PROD0167,1,1052,100,171.36,1123.36
ITEM02286,ORD00752,PROD0027,2,111577,50,40158.72,263262.72
ITEM02287,ORD00752,PROD0117,3,5506,0,2973.24,19491.24
ITEM02288,ORD00752,PROD0023,3,113637,0,61363.98,402274.98
ITEM02289,ORD00753,PROD0004,2,16976,50,6102.36,40004.36
ITEM02290,ORD00753,PROD0141,4,1065,500,676.80,4436.80
ITEM02291,ORD00753,PROD0003,2,106337,200,38245.32,250719.32
ITEM02292,ORD00753,PROD0117,5,21396,50,19247.40,126177.40
ITEM02293,ORD00753,PROD0078,1,4251,0,765.18,5016.18
ITEM02294,ORD00754,PROD0173,3,6700,200,3582.00,23482.00
ITEM02295,ORD00754,PROD0098,2,19602,0,7056.72,46260.72
ITEM02296,ORD00754,PROD0071,5,2213,100,1973.70,12938.70
ITEM02297,ORD00754,PROD0023,3,38529,0,20805.66,136392.66
ITEM02298,ORD00754,PROD0004,2,48915,0,17609.40,115439.40
ITEM02299,ORD00755,PROD0095,1,33719,50,6060.42,39729.42
ITEM02300,ORD00755,PROD0066,4,3780,200,2685.60,17605.60
ITEM02301,ORD00755,PROD0160,1,11411,500,1963.98,12874.98
ITEM02302,ORD00755,PROD0073,2,4443,0,1599.48,10485.48
ITEM02303,ORD00756,PROD0126,2,31135,100,11190.60,73360.60
ITEM02304,ORD00756,PROD0022,3,25984,0,14031.36,91983.36
ITEM02305,ORD00756,PROD0064,5,4114,0,3702.60,24272.60
ITEM02306,ORD00756,PROD0012,3,56649,500,30500.46,199947.46
ITEM02307,ORD00757,PROD0120,3,13792,0,7447.68,48823.68
ITEM02308,ORD00757,PROD0145,1,714,50,119.52,783.52
ITEM02309,ORD00757,PROD0022,4,85773,500,61666.56,404258.56
ITEM02310,ORD00757,PROD0114,5,34825,0,31342.50,205467.50
ITEM02311,ORD00757,PROD0047,3,1007,0,543.78,3564.78
ITEM02312,ORD00758,PROD0137,5,45284,0,40755.60,267175.60
ITEM02313,ORD00758,PROD0141,1,576,500,13.68,89.68
ITEM02314,ORD00758,PROD0026,5,61121,0,55008.90,360613.90
ITEM02315,ORD00758,PROD0115,5,15156,50,13631.40,89361.40
ITEM02316,ORD00758,PROD0089,2,2689,100,950.04,6228.04
ITEM02317,ORD00759,PROD0104,5,36914,50,33213.60,217733.60
ITEM02318,ORD00760,PROD0032,4,839,100,586.08,3842.08
ITEM02319,ORD00760,PROD0069,3,791,500,337.14,2210.14
ITEM02320,ORD00761,PROD0176,3,6254,0,3377.16,22139.16
ITEM02321,ORD00761,PROD0155,3,10417,0,5625.18,36876.18
ITEM02322,ORD00762,PROD0172,5,10899,0,9809.10,64304.10
ITEM02323,ORD00762,PROD0077,4,4426,0,3186.72,20890.72
ITEM02324,ORD00763,PROD0110,4,25329,50,18227.88,119493.88
ITEM02325,ORD00763,PROD0160,1,11889,0,2140.02,14029.02
ITEM02326,ORD00763,PROD0059,5,232,0,208.80,1368.80
ITEM02327,ORD00763,PROD0060,2,939,0,338.04,2216.04
ITEM02328,ORD00763,PROD0121,4,7924,200,5669.28,37165.28
ITEM02329,ORD00764,PROD0044,1,811,50,136.98,897.98
ITEM02330,ORD00765,PROD0049,4,141,50,92.52,606.52
ITEM02331,ORD00765,PROD0133,1,34994,50,6289.92,41233.92
ITEM02332,ORD00765,PROD0032,2,607,0,218.52,1432.52
ITEM02333,ORD00765,PROD0039,1,1301,100,216.18,1417.18
ITEM02334,ORD00765,PROD0001,4,12646,0,9105.12,59689.12
ITEM02335,ORD00766,PROD0098,1,8069,200,1416.42,9285.42
ITEM02336,ORD00766,PROD0040,3,1037,0,559.98,3670.98
ITEM02337,ORD00766,PROD0089,4,3842,50,2757.24,18075.24
ITEM02338,ORD00766,PROD0147,1,1355,0,243.90,1598.90
ITEM02339,ORD00767,PROD0095,4,2842,100,2028.24,13296.24
ITEM02340,ORD00767,PROD0112,3,6006,0,3243.24,21261.24
ITEM02341,ORD00767,PROD0116,5,32166,0,28949.40,189779.40
ITEM02342,ORD00767,PROD0169,2,1005,100,343.80,2253.80
ITEM02343,ORD00768,PROD0048,4,1100,100,774.00,5074.00
ITEM02344,ORD00768,PROD0123,2,51891,500,18590.76,121872.76
ITEM02345,ORD00768,PROD0029,5,9328,500,8305.20,54445.20
ITEM02346,ORD00769,PROD0102,1,11081,100,1976.58,12957.58
ITEM02347,ORD00769,PROD0154,5,13059,0,11753.10,77048.10
ITEM02348,ORD00770,PROD0170,5,794,0,714.60,4684.60
ITEM02349,ORD00770,PROD0135,1,56987,0,10257.66,67244.66
ITEM02350,ORD00770,PROD0080,1,4680,200,806.40,5286.40
ITEM02351,ORD00771,PROD0002,2,39850,200,14310.00,93810.00
ITEM02352,ORD00771,PROD0047,4,1419,0,1021.68,6697.68
ITEM02353,ORD00771,PROD0096,3,27137,500,14563.98,95474.98
ITEM02354,ORD00772,PROD0020,5,84688,50,76210.20,499600.20
ITEM02355,ORD00773,PROD0089,2,1799,100,629.64,4127.64
ITEM02356,ORD00774,PROD0168,2,685,0,246.60,1616.60
ITEM02357,ORD00775,PROD0087,5,3883,0,3494.70,22909.70
ITEM02358,ORD00775,PROD0072,5,865,100,760.50,4985.50
ITEM02359,ORD00775,PROD0119,5,35416,500,31784.40,208364.40
ITEM02360,ORD00776,PROD0137,3,55435,50,29925.90,196180.90
ITEM02361,ORD00776,PROD0068,1,3233,50,572.94,3755.94
ITEM02362,ORD00776,PROD0062,4,3877,50,2782.44,18240.44
ITEM02363,ORD00777,PROD0025,1,54374,500,9697.32,63571.32
ITEM02364,ORD00777,PROD0109,1,39603,100,7110.54,46613.54
ITEM02365,ORD00777,PROD0150,4,936,0,673.92,4417.92
ITEM02366,ORD00777,PROD0110,4,26254,100,18884.88,123800.88
ITEM02367,ORD00777,PROD0030,3,26762,50,14442.48,94678.48
ITEM02368,ORD00778,PROD0106,2,1972,0,709.92,4653.92
ITEM02369,ORD00778,PROD0006,3,63025,0,34033.50,223108.50
ITEM02370,ORD00778,PROD0048,1,627,500,22.86,149.86
ITEM02371,ORD00778,PROD0115,3,22556,0,12180.24,79848.24
ITEM02372,ORD00779,PROD0069,5,683,200,578.70,3793.70
ITEM02373,ORD00779,PROD0027,5,99675,200,89671.50,587846.50
ITEM02374,ORD00779,PROD0016,2,87720,50,31570.20,206960.20
ITEM02375,ORD00779,PROD0062,5,4159,0,3743.10,24538.10
ITEM02376,ORD00779,PROD0082,2,3433,0,1235.88,8101.88
ITEM02377,ORD00780,PROD0173,1,5148,100,908.64,5956.64
ITEM02378,ORD00780,PROD0172,3,5616,200,2996.64,19644.64
ITEM02379,ORD00780,PROD0158,5,10109,0,9098.10,59643.10
ITEM02380,ORD00780,PROD0082,3,2679,50,1437.66,9424.66
ITEM02381,ORD00780,PROD0037,2,1098,50,386.28,2532.28
ITEM02382,ORD00781,PROD0093,4,19155,0,13791.60,90411.60
ITEM02383,ORD00781,PROD0036,2,135,50,39.60,259.60
ITEM02384,ORD00781,PROD0109,1,20014,0,3602.52,23616.52
ITEM02385,ORD00782,PROD0175,4,2271,500,1545.12,10129.12
ITEM02386,ORD00783,PROD0009,1,40365,0,7265.70,47630.70
ITEM02387,ORD00783,PROD0082,4,2488,0,1791.36,11743.36
ITEM02388,ORD00783,PROD0098,5,10611,0,9549.90,62604.90
ITEM02389,ORD00783,PROD0147,1,842,0,151.56,993.56
ITEM02390,ORD00784,PROD0121,5,41908,100,37699.20,247139.20
ITEM02391,ORD00785,PROD0129,2,58866,100,21173.76,138805.76
ITEM02392,ORD00785,PROD0160,5,8781,0,7902.90,51807.90
ITEM02393,ORD00785,PROD0139,1,45456,0,8182.08,53638.08
ITEM02394,ORD00786,PROD0065,1,1911,200,307.98,2018.98
ITEM02395,ORD00786,PROD0015,3,32966,0,17801.64,116699.64
ITEM02396,ORD00786,PROD0098,5,37020,0,33318.00,218418.00
ITEM02397,ORD00786,PROD0153,5,8888,0,7999.20,52439.20
ITEM02398,ORD00786,PROD0062,4,2222,0,1599.84,10487.84
ITEM02399,ORD00787,PROD0126,1,16941,0,3049.38,19990.38
ITEM02400,ORD00787,PROD0025,2,66017,0,23766.12,155800.12
ITEM02401,ORD00787,PROD0017,4,32111,100,23101.92,151445.92
ITEM02402,ORD00787,PROD0026,4,33032,100,23765.04,155793.04
ITEM02403,ORD00788,PROD0162,4,1140,50,811.80,5321.80
ITEM02404,ORD00788,PROD0117,5,12636,200,11336.40,74316.40
ITEM02405,ORD00788,PROD0074,2,4619,50,1653.84,10841.84
ITEM02406,ORD00788,PROD0085,1,3781,500,590.58,3871.58
ITEM02407,ORD00789,PROD0155,5,4596,0,4136.40,27116.40
ITEM02408,ORD00789,PROD0044,2,358,0,128.88,844.88
ITEM02409,ORD00790,PROD0010,4,52337,0,37682.64,247030.64
ITEM02410,ORD00791,PROD0076,5,2708,50,2428.20,15918.20
ITEM02411,ORD00792,PROD0069,1,4927,50,877.86,5754.86
ITEM02412,ORD00792,PROD0119,5,10798,50,9709.20,63649.20
ITEM02413,ORD00792,PROD0116,2,4542,50,1626.12,10660.12
ITEM02414,ORD00792,PROD0152,1,14039,100,2509.02,16448.02
ITEM02415,ORD00792,PROD0108,5,42692,0,38422.80,251882.80
ITEM02416,ORD00793,PROD0100,4,1284,0,924.48,6060.48
ITEM02417,ORD00793,PROD0064,5,363,0,326.70,2141.70
ITEM02418,ORD00793,PROD0172,3,3881,0,2095.74,13738.74
ITEM02419,ORD00793,PROD0014,3,106698,0,57616.92,377710.92
ITEM02420,ORD00794,PROD0024,5,38338,0,34504.20,226194.20
ITEM02421,ORD00794,PROD0107,1,43247,500,7694.46,50441.46
ITEM02422,ORD00794,PROD0005,3,19124,0,10326.96,67698.96
ITEM02423,ORD00795,PROD0180,3,2706,200,1425.24,9343.24
ITEM02424,ORD00795,PROD0155,4,14997,0,10797.84,70785.84
ITEM02425,ORD00795,PROD0162,4,251,0,180.72,1184.72
ITEM02426,ORD00795,PROD0020,3,44280,0,23911.20,156751.20
ITEM02427,ORD00796,PROD0149,3,781,500,331.74,2174.74
ITEM02428,ORD00796,PROD0023,2,67074,100,24128.64,158176.64
ITEM02429,ORD00797,PROD0026,3,18615,100,10034.10,65779.10
ITEM02430,ORD00797,PROD0175,4,10174,0,7325.28,48021.28
ITEM02431,ORD00797,PROD0092,3,16142,0,8716.68,57142.68
ITEM02432,ORD00797,PROD0036,2,1200,0,432.00,2832.00
ITEM02433,ORD00797,PROD0095,2,1683,200,569.88,3735.88
ITEM02434,ORD00798,PROD0130,2,38279,0,13780.44,90338.44
ITEM02435,ORD00798,PROD0046,4,150,50,99.00,649.00
ITEM02436,ORD00799,PROD0092,1,8301,200,1458.18,9559.18
ITEM02437,ORD00799,PROD0089,1,1469,200,228.42,1497.42
ITEM02438,ORD00799,PROD0133,4,19279,500,13790.88,90406.88
ITEM02439,ORD00799,PROD0179,3,2928,0,1581.12,10365.12
ITEM02440,ORD00799,PROD0128,3,26095,100,14073.30,92258.30
ITEM02441,ORD00800,PROD0089,4,2649,0,1907.28,12503.28
ITEM02442,ORD00800,PROD0021,4,22742,0,16374.24,107342.24
